"song","artist","popularity","release_date","genre","danceability","energy","key","loudness","mode","speechiness","acousticness","liveness","valence","tempo","duration_ms","spotify_url"
"higher love","Kygo",0.5,"2019-06-28","Pop",0.632679738562091,0.667346281789892,0.727272727272727,0.680128617363344,1,0.0105718404613167,0.0159316275595519,0.0860044430339575,0.391369686560756,0.290605351966729,228267,"https://open.spotify.com/track/6oJ6le65B3SEqPwMRNXWjY"
"bad guy (with justin bieber)","Billie Eilish",0.318181818181818,"2019-07-11","Pop",0.602614379084967,0.425904066959974,0,0.504094319399786,1,0.326045170591062,0.261119682445198,0.102930286681477,0.687634177758695,0.508373825493958,194840,"https://open.spotify.com/track/3yNZ5r3LKfdmjoS3gkhUCT"
"post malone (feat. rani)","Sam Feldt",0.318181818181818,"2019-05-24","Pop",0.498039215686274,0.628715527417105,0.636363636363636,0.821136120042872,1,0.118212397885632,0.079871200621447,0.0902359039458373,0.65650493774152,0.314438547603378,174444,"https://open.spotify.com/track/0qc4QlcCxVTGyShurEv1UU"
"sixteen","Ellie Goulding",0.227272727272728,"2019-04-12","Pop",0.601307189542484,0.79933469256358,0.727272727272727,0.753612004287245,1,0.135031234983181,0.277700446934507,0.0419972495504073,0.538428510090167,0.332383459594192,201072,"https://open.spotify.com/track/4PkIDTPGedm0enzdvilLNd"
"never really over","Katy Perry",0.409090909090909,"2019-05-31","Pop",0.733333333333333,0.88625388990235,0.727272727272727,0.781607717041801,1,0.0439692455550216,0.201014411171456,0.313445467047498,0.370974667239158,0.262872306162743,223523,"https://open.spotify.com/track/5PYQUBXc7NYeI1obMKSJK0"
"all you need to know (feat. calle lehmann)","Gryffin",0,"2019-03-27","Pop",0.397385620915033,0.785384697928962,0,0.788595927116827,1,0.0153772224891879,0.0100040042546242,0.0955252300856871,0.208887934735938,0.542905353367034,238459,"https://open.spotify.com/track/4Gcv5SsxnQWpmOnUI19EJk"
"what i like about you (feat. theresa rex)","Jonas Blue",0.227272727272728,"2019-03-22","Pop",0.328104575163399,0.798261616053225,0.0909090909090909,0.833397642015005,1,0.03171552138395,0.299462700326724,0.107161747593357,0.551309574924861,0.28015907467828,220396,"https://open.spotify.com/track/4NSW0Km5ZG60L8FthUebPJ"
"ruin my life","Zara Larsson",0.136363636363636,"2018-10-18","Pop",0.596078431372549,0.689880888507351,1,0.761329046087889,1,0.0410860163382989,0.438326602924681,0.0816671955992807,0.585659081150708,0.437245319479647,190932,"https://open.spotify.com/track/5tAa8Uaqr4VvA3693mbIhU"
"carry on (from the original motion picture ""pokémon detective pikachu"")","Kygo",0.136363636363636,"2019-04-19","Pop",0.499346405228758,0.696319347569482,0.818181818181818,0.707566988210075,0,0.0665545410860163,0.394802096140247,0.117740399873056,0.247531129240017,0.415561592427149,215316,"https://open.spotify.com/track/3y3brCCecHC3Db18aIOnny"
"the middle","Zedd",0.363636363636364,"2018-01-23","Pop",0.711111111111111,0.644811675072433,0.636363636363636,0.855819935691318,1,0.0255886592984142,0.177179562218075,0.097640960541627,0.426792614856161,0.312016019492249,184732,"https://open.spotify.com/track/09IStsImFySgyp0pIQdqAc"
"don't call me up","Mabel",0.409090909090909,"2019-01-18","Pop",0.607843137254902,0.885180813391995,0.818181818181818,0.864737406216506,1,0.148246035559827,0.306716784790796,0.0630487675870094,0.208887934735938,0.255891784409001,178480,"https://open.spotify.com/track/5WHTFyqSii0lmT9R21abT8"
"pretty girl - cheat codes x cade remix","Maggie Lindemann",0.0454545454545454,"2017-03-02","Pop",0.645751633986928,0.871230818757378,0.636363636363636,0.787224008574491,0,0.00660740028832292,0.155417308825858,0.0891780387178674,0.744525547445255,0.410177418677272,193613,"https://open.spotify.com/track/1NDxZ7cFAo481dtYWdrUnR"
"no sleep (feat. bonn)","Martin Garrix",0,"2019-02-21","Pop",0.301960784313726,0.621203991844619,1,0.713311897106109,1,0.0108121095627102,0.133655055433641,0.107161747593357,0.308716187204809,0.459909260218728,207095,"https://open.spotify.com/track/1ahVFh0ViDZr8LvkEVlq3B"
"faith (with dolly parton) [feat. mr. probz]","Galantis",0.0454545454545454,"2019-10-25","Pop",0.441830065359477,0.792896233501449,0.727272727272727,0.827524115755627,1,0.0303940413262854,0.150235819922949,0.0955252300856871,0.733791326749678,0.389788973996331,186805,"https://open.spotify.com/track/35MKhw2YBKApmD7fAnPERC"
"ritual","Tiësto",0.272727272727273,"2019-05-31","Pop",0.572549019607843,0.718853954286941,0.272727272727273,0.798885316184351,0,0.0379625180201826,0.16267139328993,0.0684438802496562,0.781021897810219,0.367930208785515,198996,"https://open.spotify.com/track/3M9Apu4OZfylLTFKvgEtKa"
"electricity (with dua lipa)","Silk City",0.227272727272728,"2018-09-06","Pop",0.495424836601307,0.65876166970705,0,0.710996784565916,1,0.028471888515137,0.010750138656643,0.336718502062837,0.499785315586089,0.390076036575974,238173,"https://open.spotify.com/track/5N4erncE7kuUccm7zEmwzk"
"stay","Zedd",0.136363636363636,"2017-02-23","Pop",0.628758169934641,0.607253997210001,0.454545454545455,0.771618435155413,0,0.0463719365689572,0.26215598022578,0.101872421453507,0.541648776298841,0.277218433618529,210091,"https://open.spotify.com/track/6uBhi9gBXWjanegOb2Phh0"
"taki taki (with selena gomez, ozuna & cardi b)","DJ Snake",0.318181818181818,"2018-09-28","Pop",0.827450980392157,0.79933469256358,0.727272727272727,0.808403001071811,0,0.245555021624219,0.16267139328993,0.0470750026446631,0.620008587376557,0.23409603293518,212500,"https://open.spotify.com/track/4w8niZpiMy6qz1mntFA5uM"
"solo (feat. demi lovato)","Clean Bandit",0.181818181818182,"2018-05-17","Pop",0.690196078431373,0.622277068354974,1,0.792154340836013,0,0.0241470446900529,0.0456733738622487,0.349412884798477,0.564190639759553,0.297977959195105,222653,"https://open.spotify.com/track/6kPJZM97LwdG9QIsT7khp6"
"scared to be lonely","Martin Garrix",0.227272727272728,"2017-01-27","Pop",0.490196078431373,0.519261723360876,0.0909090909090909,0.653247588424437,0,0.0408457472369053,0.092721293100661,0.255262879509151,0.167024474023186,0.528797277806562,220883,"https://open.spotify.com/track/3ebXMykcMXOcLeJ9xZ17XH"
"friends (with bloodpop®)","Justin Bieber",0,"2017-08-17","Pop",0.698039215686274,0.726365489859427,0.727272727272727,0.758242229367631,1,0.0166987025468525,0.00413855881653135,0.300751084311859,0.625375697724345,0.297781916457788,189467,"https://open.spotify.com/track/7iNIg7XDEaYECfWD5dJ9Va"
"ritmo (bad boys for life)","The Black Eyed Peas",0.909090909090909,"2019-10-12","Pop",0.669281045751634,0.708123189183389,0.909090909090909,0.685359056806002,0,0.0505766458433445,0.0345849876100237,0.229874114037872,0.673679690854444,0.297900942405444,221714,"https://open.spotify.com/track/6cy3ki60hLwimwIje7tALf"
"promises (with sam smith)","Calvin Harris",0.363636363636364,"2018-08-17","Pop",0.747712418300654,0.763923167721859,1,0.730203644158628,1,0.0189812590100913,0.0123045853275157,0.322966254099228,0.479390296264491,0.424460532396062,213309,"https://open.spotify.com/track/5N5k9nd479b1xpDZ4usjrg"
"turn me on (feat. vula)","Riton",0.454545454545455,"2019-09-13","Pop",0.690196078431373,0.82830775834317,1,0.78508038585209,1,0.0192215281114849,0.015413478669261,0.0703480376600021,0.512666380420781,0.431336031254814,208474,"https://open.spotify.com/track/0qaWEvPkts34WF68r8Dzx9"
"something just like this","The Chainsmokers",0.318181818181818,"2017-04-07","Pop",0.533333333333333,0.621203991844619,1,0.696848874598071,0,0.00973089860643921,0.0515802712115647,0.152649952396065,0.436453413482181,0.284072927898282,247160,"https://open.spotify.com/track/6RUKPb4LETWmmr3iAEQktW"
"one kiss (with dua lipa)","Calvin Harris",0.409090909090909,"2018-04-06","Pop",0.76078431372549,0.864792359695246,0.818181818181818,0.848145766345123,0,0.103796251802018,0.0383156596201181,0.0652702845657463,0.593173035637613,0.430929942727515,214847,"https://open.spotify.com/track/7ef4DlsgrMEH11cDZd32M6"
"let me love you","DJ Snake",0.227272727272728,"2016-08-05","Pop",0.575163398692811,0.708123189183389,0.727272727272727,0.756784565916399,1,0.0135752042287362,0.0894051402027993,0.121971860784936,0.132674967797338,0.262851301583745,205947,"https://open.spotify.com/track/0lYBSQXN6rCTvUZvg9S0lU"
"this is what you came for","Calvin Harris",0.136363636363636,"2016-04-29","Pop",0.550326797385621,0.935615409378689,0.818181818181818,0.867566988210075,0,0.0114127823161941,0.206195900074365,0.135724108748545,0.456848432803778,0.4307128954112,222160,"https://open.spotify.com/track/0azC730Exh71aQlOt9Zj3y"
"wake me up","Avicii",0.363636363636364,"2013-01-01","Pop",0.422222222222222,0.780019315377186,0.181818181818182,0.742808145766345,1,0.034478616049976,0.00391057330480336,0.149476356712155,0.647917561185058,0.43153207399213,247427,"https://open.spotify.com/track/4h8VwCb1MTGoLKueQ1WgbD"
"in my mind","Dynoro",0.363636363636364,"2018-06-08","Pop",0.633986928104575,0.766069320742569,0.545454545454545,0.758327974276527,1,0.150648726573763,0.182361051120984,0.103988151909447,0.132674967797338,0.444309859549382,184560,"https://open.spotify.com/track/0E9ZjEAyAwOXZ7wJC0PD33"
"how deep is your love","Calvin Harris",0.0454545454545454,"2015-07-17","Pop",0.691503267973856,0.871230818757378,1,0.79957127545552,0,0.0594666025949063,0.0402846254032235,0.389611763461335,0.318376985830829,0.416989903799028,212640,"https://open.spotify.com/track/22mek4IiqubGD9ctzxc69s"
"instagram","Dimitri Vegas & Like Mike",0.227272727272728,"2019-07-05","Pop",0.726797385620915,0.912007726150875,0.727272727272727,0.897148981779207,0,0.0875780874579529,0.129509864311314,0.426637046440284,0.977458136539287,0.235426322938401,184558,"https://open.spotify.com/track/0U6bQIAh6MCGo1xjbIIx2S"
"lose control","MEDUZA",0.681818181818182,"2019-10-11","Pop",0.508496732026144,0.504238652215903,0.909090909090909,0.615819935691318,0,0.0215040845747237,0.133655055433641,0.127261186924786,0.525547445255474,0.430516852673883,168387,"https://open.spotify.com/track/7CHi4DtfK4heMlQaudCuHK"
"so close","NOTD",0.136363636363636,"2018-11-02","Pop",0.641830065359477,0.875523124798798,0.909090909090909,0.73427652733119,1,0.0516578567996156,0.125364673188987,0.0881201734898974,0.774581365392872,0.438183524008234,190302,"https://open.spotify.com/track/7FjZU7XFs7P9jHI9Z0yRhK"
"used to love (with dean lewis)","Martin Garrix",0.318181818181818,"2019-10-31","Pop",0.577777777777778,0.683442429445219,0.363636363636364,0.784608788853162,1,0.0166987025468525,0.474597025245043,0.333544906378927,0.378488621726063,0.395754274431826,236765,"https://open.spotify.com/track/7pWK1kMgHy5lNNiIfuRbkP"
"on & on","Alok",0.136363636363636,"2019-11-22","Pop",0.703267973856209,0.7725077798047,0.909090909090909,0.734190782422294,0,0.0583853916386353,0.0241183800261479,0.784195493494129,0.676899957063117,0.438463585061543,147027,"https://open.spotify.com/track/7sYAS4CpbV90oSemgaEQat"
"all around the world (la la la)","R3HAB",0.181818181818182,"2019-04-05","Pop",0.684967320261438,0.861573130164181,0.818181818181818,0.771404072883172,0,0.0112926477654974,0.49635927863726,0.0902359039458373,0.515886646629455,0.437609398848949,147840,"https://open.spotify.com/track/02itaCXOdC54J0ISjqqFAp"
"close your eyes","Felix Jaehn",0.136363636363636,"2019-11-22","Pop",0.796078431372549,0.822942375791394,1,0.834297963558414,0,0.211917347429121,0.0686791845911639,0.119856130328996,0.515886646629455,0.459930264797726,160794,"https://open.spotify.com/track/7N06jo3EnV792VFaG8vuW6"
"happy now","Kygo",0.227272727272728,"2018-10-26","Pop",0.632679738562091,0.556819401223307,0.818181818181818,0.687031082529475,1,0.0678760211436809,0.387548011676174,0.245742092457421,0.485830828681838,0.388955792362735,211362,"https://open.spotify.com/track/14sOS5L36385FJ3OL8hew4"
"remedy","Alesso",0.0454545454545454,"2018-08-31","Pop",0.512418300653595,0.771434703294345,0,0.789324758842444,1,0.028471888515137,0.278736744715089,0.072569554638739,0.476170030055818,0.40271379160657,190295,"https://open.spotify.com/track/6jreFSOTUAViWjKyzOC4Kg"
"better when you're gone","David Guetta",0,"2019-02-08","Pop",0.572549019607843,0.792896233501449,0.0909090909090909,0.834941050375134,0,0.0163382988947621,0.065777550805535,0.178038717867344,0.396736796908544,0.458922045005811,192402,"https://open.spotify.com/track/4Tvw0lweq9l2JPQKFbpbBQ"
"heaven","Avicii",0.181818181818182,"2019-06-06","Pop",0.500653594771242,0.876596201309153,0.818181818181818,0.744823151125402,1,0.00468524747717444,0.0740679330501891,0.129376917380726,0.511592958351224,0.41704591600969,277262,"https://open.spotify.com/track/0vrmHPfoBadXVr2n0m1aqZ"
"darkside","Alan Walker",0,"2018-12-14","Pop",0.288888888888889,0.590084773044318,0.363636363636364,0.767759914255091,0,0.0234262373858722,0.135727650994804,0.162170739447794,0.0897380850150279,0.752958144875583,211680,"https://open.spotify.com/track/6SRWhUJcD2YKahCwHavz3X"
"summer days (feat. macklemore & patrick stump of fall out boy)","Martin Garrix",0.318181818181818,"2019-04-25","Pop",0.590849673202615,0.715634724755875,0.454545454545455,0.687974276527331,0,0.0396444017299375,0.185469944462729,0.127261186924786,0.296908544439674,0.359402349712237,163805,"https://open.spotify.com/track/7Feaw9WAEREY0DUOSXJLOM"
"giant (with rag'n'bone man)","Calvin Harris",0.318181818181818,"2019-01-11","Pop",0.781699346405229,0.891619272454126,0.0909090909090909,0.802229367631297,0,0.0150168188370975,0.0165534062279009,0.0649529249973553,0.608200944611421,0.417073922115021,229184,"https://open.spotify.com/track/5itOtNx0WxtJmi1TQ3RuRd"
"without you (feat. sandro cavazza)","Avicii",0.227272727272728,"2017-08-10","Pop",0.592156862745098,0.860500053653826,0.181818181818182,0.779378349410504,1,0.0230658337337818,0.00166180712094092,0.0273987094044219,0.274366680978961,0.500938204528587,181673,"https://open.spotify.com/track/6Pgkp4qUoTmJIPn7ReaGxL"
"the nights","Avicii",0.181818181818182,"2014-01-01","Pop",0.415686274509804,0.835819293915656,0.545454545454545,0.759914255091104,1,0.0236665064872657,0.01717518489625,0.242568496773511,0.659725203950193,0.444855978603336,176658,"https://open.spotify.com/track/0ct6r3EGTcMLPtrXHDvVjc"
"jackie chan","Tiësto",0.136363636363636,"2018-05-18","Pop",0.703267973856209,0.834746217405301,0.272727272727273,0.864137191854234,0,0.025708793849111,0.387548011676174,0.0411509573680313,0.695148132245599,0.459013064848137,215760,"https://open.spotify.com/track/4kWO6O1BUXcZmaxitpVUwp"
"moonlight","Gaullin",0,"2018-09-07","Pop",0.789542483660131,0.756411632149372,0.909090909090909,0.743236870310825,0,0.0737626141278232,0.0547927943313682,0.335660636834867,0.268999570631172,0.437672412585944,173067,"https://open.spotify.com/track/0A5gdlrpAuQqZ2iFgnqBFW"
"sweet but psycho","Ava Max",0.5,"2018-08-17","Pop",0.666666666666667,0.695246271059127,0.0909090909090909,0.784523043944266,1,0.0288322921672273,0.0715808183767929,0.154765682852005,0.631816230141692,0.493999691932841,187436,"https://open.spotify.com/track/25sgk305KZfyuqVBQIahim"
"high on life (feat. bonn)","Martin Garrix",0.0454545454545454,"2018-07-29","Pop",0.26797385620915,0.461315591801695,0.545454545454545,0.7113397642015,0,0.00901009130225853,0.0133408831080975,0.0965830953136571,0.352726492056677,0.459244115217117,230762,"https://open.spotify.com/track/4ut5G4rgB1ClpMTMfjoIuy"
"so am i","Ava Max",0.318181818181818,"2019-03-07","Pop",0.618300653594771,0.643738598562078,0.545454545454545,0.786838156484459,1,0.0239067755886593,0.076347788167469,0.352586480482387,0.609274366680979,0.473604245725568,183027,"https://open.spotify.com/track/0uUNN1nSoUx1A4fkDCWDQ7"
"bad guy","Billie Eilish",0.863636363636364,"2019-03-29","Pop",0.643137254901961,0.395857924670029,0.636363636363636,0.516956055734191,1,0.422152811148486,0.339878313769413,0.0849465778059875,0.56097037355088,0.508884936916248,194088,"https://open.spotify.com/track/2Fxmhks0bxGSBdJ92vM42m"
"no brainer","DJ Khaled",0.0454545454545454,"2018-07-27","Pop",0.448366013071896,0.755338555639017,0,0.78529474812433,1,0.382508409418549,0.0759332690552363,0.0706653972283931,0.643623872906827,0.512903813031241,260000,"https://open.spotify.com/track/5WvAo7DNuPRmk4APhdPzi8"
"in the name of love","Martin Garrix",0.181818181818182,"2016-07-29","Pop",0.381699346405229,0.496727116643417,0.363636363636364,0.734962486602358,0,0.020783277270543,0.112929099822005,0.459430868507352,0.138042078145127,0.500917199949589,195707,"https://open.spotify.com/track/23L5CiUhw2jV1OIMwthR3S"
"hip","Mamamoo",0.227272727272728,"2019-11-14","Pop",0.749019607843137,0.724219336838717,0.272727272727273,0.790653804930332,0,0.143440653531956,0.0389374382884672,0.0802919708029197,0.842206955775011,0.529217369386526,195307,"https://open.spotify.com/track/24nK8tW7Pt3Inh2utttuoG"
"boy with luv (feat. halsey)","BTS",0.409090909090909,"2019-04-12","Pop",0.569934640522876,0.864792359695246,1,0.783108252947481,0,0.0875780874579529,0.0956229268862899,0.182270178779224,0.814297981966509,0.402902832817554,229773,"https://open.spotify.com/track/5KawlOMHjWeUjQtnuRs22c"
"a sky full of stars","Coldplay",0.0909090909090908,"2014-05-19","Pop",0.447058823529412,0.622277068354974,0.545454545454545,0.681586280814577,1,0.00540605478135512,0.00736144491414066,0.208716809478472,0.12194074710176,0.437945472112921,268467,"https://open.spotify.com/track/0FDzzruyVECATHXKHFs9eJ"
"my way","Calvin Harris",0.0454545454545454,"2016-09-16","Pop",0.797385620915033,0.919519261723361,0.363636363636364,0.855905680600214,0,0.0229456991830851,0.0968664842229881,0.149476356712155,0.533061399742379,0.402888829764889,219160,"https://open.spotify.com/track/1vvNmPOiUuyCbgWmtc6yfm"
"counting stars","OneRepublic",0.181818181818182,"2013-01-01","Pop",0.594771241830065,0.696319347569482,0.0909090909090909,0.773890675241157,0,0.0175396444017299,0.0677465165886404,0.103988151909447,0.469729497638471,0.417080923641354,257267,"https://open.spotify.com/track/2tpWsVSb9UEmDRxAl1zhX1"
"alone, pt. ii","Alan Walker",0.409090909090909,"2019-12-27","Pop",0.602614379084967,0.65661551668634,0.272727272727273,0.802443729903537,0,0.0223450264296012,0.555428252130421,0.119856130328996,0.610347788750537,0.179148054275832,179053,"https://open.spotify.com/track/0bMbDctzMmTyK2j74j3nF3"
"family","The Chainsmokers",0.409090909090909,"2019-12-06","Pop",0.490196078431373,0.591157849554673,1,0.703879957127545,1,0.0144161460836136,0.441435496266426,0.0860044430339575,0.359167024474023,0.387681514570176,194827,"https://open.spotify.com/track/3TKpJrY9q49Mj1JOsM9zGL"
"we got love","Sigala",0,"2019-11-01","Pop",0.670588235294118,0.811138534177487,0.818181818181818,0.843344051446945,0,0.0826525708793849,0.0212167462405189,0.117740399873056,0.662945470158867,0.437336339321972,213041,"https://open.spotify.com/track/35mMXfym6C9VOTUVrcKKZp"
"narcotic","Younotus",0.0454545454545454,"2019-04-26","Pop",0.705882352941176,0.65661551668634,0.909090909090909,0.731361200428724,0,0.0446900528592023,0.0386265489542926,0.0267639902676399,0.350579647917561,0.318947530561662,192387,"https://open.spotify.com/track/7M9w4C8WenlvWfNRAulZOX"
"on my way","Alan Walker",0.318181818181818,"2019-03-21","Pop",0.392156862745098,0.679150123403799,0.0909090909090909,0.775734190782422,0,0.0941854877462758,0.0216312653527516,0.297577488627949,0.276513525118076,0.753651295982524,193798,"https://open.spotify.com/track/4n7jnSxVLd8QioibtTDBDq"
"i can’t get enough (benny blanco, selena gomez, j balvin, tainy)","benny blanco",0.136363636363636,"2019-02-28","Pop",0.433986928104575,0.442000214615302,0.909090909090909,0.813890675241157,0,0.406535319557905,0.418636945093627,0.357875806622236,0.698368398454272,0.229790094240545,158027,"https://open.spotify.com/track/1WSGTYKLEpKfNQYYW5Oymt"
"dancing with a stranger (with normani)","Sam Smith",0.5,"2019-01-11","Pop",0.695424836601307,0.497800193153772,0.727272727272727,0.664951768488746,1,0.0504565112926478,0.466306643000389,0.214006135618322,0.330184628595964,0.283925895845294,171030,"https://open.spotify.com/track/6Qs4SXO9dwPj5GKvVOv8Ki"
"play","K-391",0.0909090909090908,"2019-08-30","Pop",0.406535947712418,0.796115463032514,0.545454545454545,0.751339764201501,0,0.018620855358001,0.104638717577351,0.0777530942557918,0.138042078145127,0.276546287090586,167977,"https://open.spotify.com/track/4jp4Z02kzzg8gK0NmDGgml"
"say my name","David Guetta",0.0909090909090908,"2018-09-14","Pop",0.645751633986928,0.648030904603498,0.909090909090909,0.767588424437299,0,0.1194137433926,0.141945437678295,0.182270178779224,0.805710605410047,0.22814473555235,198947,"https://open.spotify.com/track/0YammaEkYSeo9vQYZ1OwS6"
"cheerleader - felix jaehn remix radio edit","OMI",0,"2015-10-16","Pop",0.749019607843137,0.674857817362378,0.363636363636364,0.719657020364416,1,0.00876982220086497,0.171998073315166,0.148418491484185,0.604980678402748,0.389074818310392,180566,"https://open.spotify.com/track/7vFoFDWqTX0mHzLfrF1Cfy"
"never forget you","Zara Larsson",0,"2017-03-17","Pop",0.488888888888889,0.725292413349072,1,0.741479099678457,0,0.0265497357039885,0.00320589081400776,0.26372580133291,0.253971661657364,0.584949518995141,213428,"https://open.spotify.com/track/6hmhG1b4LEyNuashVvuIAo"
"feels (feat. pharrell williams, katy perry & big sean)","Calvin Harris",0,"2017-06-30","Pop",0.894117647058824,0.739242407983689,1,0.853933547695605,0,0.0402450744834214,0.0665029592519422,0.0789167460065588,0.893731215113783,0.270062873706468,223413,"https://open.spotify.com/track/5bcTCxgc7xVfSaMV3RuVke"
"get lucky (feat. pharrell williams & nile rodgers) - radio edit","Daft Punk",0,"2013-04-19","Pop",0.764705882352941,0.810065457667132,0.545454545454545,0.602658092175777,0,0.0172993753003364,0.044118927191376,0.0860044430339575,0.882996994418205,0.375288812961226,248413,"https://open.spotify.com/track/2Foc5Q5nqNiosCNqttzHof"
"baianá","Bakermat",0,"2019-11-08","Pop",0.376470588235294,0.749973173087241,0.181818181818182,0.689174705251876,0,0.0313551177318597,0.00069805018499988,0.328255580239078,0.486904250751395,0.416051699270441,182187,"https://open.spotify.com/track/430efk5Jc5wGay4EWP4snS"
"ride it","Regard",0.818181818181818,"2019-07-26","Pop",0.877124183006536,0.74568086704582,0.636363636363636,0.804501607717042,0,0.0766458433445459,0.183397348901566,0.0912937691738073,0.906612279948476,0.388598714519765,157606,"https://open.spotify.com/track/2tnVG71enUj33Ic2nFN6kZ"
"motivation","Normani",0.318181818181818,"2019-08-16","Pop",0.509803921568627,0.891619272454126,0.363636363636364,0.816977491961415,1,0.0898606439211917,0.0198695591257626,0.296519623399979,0.903392013739802,0.759469564365032,193837,"https://open.spotify.com/track/0rIAC4PXANcKmitJfoqmVm"
"one thing right","Marshmello",0.409090909090909,"2019-06-21","Pop",0.588235294117647,0.608327073720356,0.363636363636364,0.890460878885316,1,0.0258289283998078,0.0690937037033966,0.594837617687507,0.428939458995277,0.179211068012827,181824,"https://open.spotify.com/track/4hPpVbbakQNv8YTHYaOJP4"
"tusa","KAROL G",1,"2019-11-07","Pop",0.776470588235294,0.707050112673034,0.181818181818182,0.846430868167202,1,0.329649207111965,0.305680487010215,0.0398815190944674,0.573851438385573,0.270531975970762,200960,"https://open.spotify.com/track/7k4t7uLgtOxPwTpFmtJNTY"
"+","Aitana",0.227272727272728,"2019-12-17","Pop",0.460130718954248,0.654469363665629,0.727272727272727,0.805144694533762,1,0.0103315713599231,0.10982020648026,0.109277478049297,0.682267067410906,0.683159928864493,219367,"https://open.spotify.com/track/5Cbo7oz78gqkzV3EAM63VA"
"everything i wanted","Billie Eilish",0.954545454545455,"2019-11-13","Pop",0.647058823529412,0.181242622598991,0.545454545454545,0.367374062165059,0,0.0910619894281595,0.934713239823349,0.0912937691738073,0.218548733361958,0.403007855712545,245426,"https://open.spotify.com/track/3ZCTVFBt2Brf31RLEnCkWJ"
"alocao (with bad gyal)","Omar Montes",0.272727272727273,"2019-10-24","Pop",0.606535947712418,0.746753943556176,1,0.785337620578778,0,0.0397645362806343,0.221740366783091,0.0912937691738073,0.708029197080292,0.809089381485164,209320,"https://open.spotify.com/track/6RyuoOJXNzlVWpfC5xQyeI"
"morado","J Balvin",0.272727272727273,"2020-01-09","Pop",0.87843137254902,0.686661658976285,1,0.822508038585209,0,0.0673954829408938,0.141945437678295,0.0772241616418068,0.796049806784027,0.241944743954182,200667,"https://open.spotify.com/track/3mQ6SLdxxaL52Yte7KF2Ks"
"yummy","Justin Bieber",0.863636363636364,"2020-01-03","Pop",0.592156862745098,0.496727116643417,0.818181818181818,0.706066452304394,0,0.098990869774147,0.418636945093627,0.107161747593357,0.489051094890511,0.583892288518897,210427,"https://open.spotify.com/track/41L3O37CECZt3N7ziG2z7l"
"que tire pa lante","Daddy Yankee",0.636363636363636,"2019-10-18","Pop",0.586928104575164,0.906642343599099,0.636363636363636,0.866409431939978,1,0.0145362806343104,0.0495076756504012,0.106103882365387,0.717689995706312,0.220779129850307,210520,"https://open.spotify.com/track/6RyaV7owmVU6fzEPE17sF1"
"you should be sad","Halsey",0.454545454545455,"2020-01-10","Pop",0.499346405228758,0.567550166326859,0.181818181818182,0.71481243301179,1,0.00492551657856799,0.148163224361786,0.0944673648577171,0.305495920996136,0.33953201797992,205473,"https://open.spotify.com/track/2usxQITOSDqvkYiI0oIwao"
"indeciso","Reik",0.545454545454545,"2019-08-23","Pop",0.691503267973856,0.742461637514755,0,0.776891747052519,1,0.0260691975012013,0.188578837804475,0.0955252300856871,0.919493344783169,0.227570610393066,217253,"https://open.spotify.com/track/59s0s39NFWScuHDbHytI14"
"zorra","Bad Gyal",0.0454545454545454,"2019-12-12","Pop",0.559477124183007,0.637300139499946,1,0.702122186495177,1,0.195098510331571,0.706727728095359,0.0623082619274305,0.747745813653929,0.795576435662974,186120,"https://open.spotify.com/track/0OP1RzrglC008kj79Httv3"
"loco contigo (with j. balvin & ozuna feat. nicky jam, natti natasha, darell & sech) - remix","DJ Snake",0.181818181818182,"2019-12-27","Pop",0.758169934640523,0.684515505955575,0.545454545454545,0.739206859592712,0,0.0592263334935127,0.101737083791722,0.0809266899397017,0.547015886646629,0.235174267990422,341875,"https://open.spotify.com/track/5QXQy0f2q8wJNpPwJtjifx"
"china","Anuel AA",0.772727272727273,"2019-07-19","Pop",0.754248366013072,0.806846228136066,0.636363636363636,0.828338692390139,1,0.0776069197501201,0.0876434339758103,0.0661165767481223,0.611421210820094,0.298131992774425,301714,"https://open.spotify.com/track/2ksOAxtIxY8yElEWw8RhgK"
"easy - remix","Jhay Cortez",0.227272727272728,"2019-11-19","Pop",0.884967320261438,0.746753943556176,0.0909090909090909,0.823322615219721,0,0.0856559346468044,0.197905517829711,0.133608378292606,0.424645770717046,0.221388262641256,220147,"https://open.spotify.com/track/0Cn8NxJZz7zUlsaA3rXoIU"
"godzilla (feat. juice wrld)","Eminem",0.136363636363636,"2020-01-17","Pop",0.783006535947713,0.739242407983689,0.909090909090909,0.761543408360129,0,0.382508409418549,0.150235819922949,0.288056701576219,0.8475740661228,0.72500105022895,210800,"https://open.spotify.com/track/7FIWs0pqAYbP91WWM0vlTQ"
"adicto (with anuel aa & ozuna)","Tainy",0.636363636363636,"2019-08-22","Pop",0.686274509803922,0.836892370426012,0.909090909090909,0.781136120042872,0,0.0599471407976934,0.0175897040084827,0.168517930815614,0.626449119793903,0.122918796297593,270741,"https://open.spotify.com/track/3jbT1Y5MoPwEIpZndDDwVq"
"blanco","J Balvin",0.545454545454545,"2019-11-15","Pop",0.864052287581699,0.697392424079837,0.818181818181818,0.755755627009646,0,0.123017779913503,0.0261909755873114,0.0714059028879721,0.59424645770717,0.263026339742064,145800,"https://open.spotify.com/track/2rc7BkzO8qepMFAxHtOrXc"
"señorita","Shawn Mendes",0.772727272727273,"2019-06-21","Pop",0.718954248366013,0.519261723360876,0.818181818181818,0.728145766345123,0,0.0061268620855358,0.0383156596201181,0.0791283190521528,0.762773722627737,0.381590186660692,190960,"https://open.spotify.com/track/0TK2YIli7K1leLovkQiNik"
"que calor (feat. j balvin & el alfa)","Major Lazer",0.363636363636364,"2019-09-11","Pop",0.766013071895425,0.889473119433416,0.727272727272727,0.809989281886388,1,0.0573041806823642,0.038833808510409,0.288056701576219,0.45148132245599,0.445234061025304,169998,"https://open.spotify.com/track/1sviDBcAqVOxMXq4xITVEs"
"memories","Maroon 5",1,"2019-09-20","Pop",0.725490196078431,0.283184891082734,1,0.677984994640943,1,0.0372417107160019,0.867353884085533,0.0661165767481223,0.574924860455131,0.200054611905395,189486,"https://open.spotify.com/track/2b8fOow8UzyDFAE27YhOZM"
"blinding lights","The Weeknd",1,"2019-11-29","Pop",0.397385620915033,0.793969310011804,0.0909090909090909,0.812347266881029,1,0.0472128784238347,0.00149599947604784,0.0783878133925738,0.328037784456848,0.760162715471973,201573,"https://open.spotify.com/track/0sf12qNH5qcw8qpgymFOqD"
"someone you loved","Lewis Capaldi",0.818181818181818,"2019-05-17","Pop",0.381699346405229,0.374396394462925,0.0909090909090909,0.743579849946409,1,0.00997116770783277,0.778232274955501,0.0902359039458373,0.436453413482181,0.332187416856875,182161,"https://open.spotify.com/track/7qEHsqek33rTcFNT9PFqLf"
"bandit (with youngboy never broke again)","Juice WRLD",0.727272727272727,"2019-10-04","Pop",0.34640522875817,0.616911685803198,0.454545454545455,0.734790996784566,0,0.383709754925517,0.0711662992645602,0.118798265101026,0.413911550021468,0.823414504361951,189323,"https://open.spotify.com/track/6Gg1gjgKi2AK4e0qzsR7sd"
"la canción","J Balvin",0.681818181818182,"2019-06-28","Pop",0.712418300653595,0.633007833458526,0.636363636363636,0.738606645230439,1,0.352474771744354,0.157489904387022,0.0934094996297472,0.418205238299699,0.795674457031633,242573,"https://open.spotify.com/track/0fea68AdmYNygeTGI4RC18"
"déjate querer","Lalo Ebratt",0.0454545454545454,"2019-02-28","Pop",0.713725490196079,0.789677003970383,0.545454545454545,0.805359056806002,1,0.0297933685728015,0.0289889795948822,0.0589230931979266,0.863675397166166,0.30504249926484,202824,"https://open.spotify.com/track/3mN2DtljBhnrIpc3Nu2pJ8"
"nice to meet ya","Niall Horan",0.5,"2019-10-04","Pop",0.499346405228758,0.842257752977787,0.363636363636364,0.800514469453376,0,0.00816914944738107,0.0123045853275157,0.397016820057125,0.378488621726063,0.326187108789716,158805,"https://open.spotify.com/track/3cphb8kdsjElYR7r5icK3H"
"heartless","The Weeknd",0.772727272727273,"2019-11-27","Pop",0.420915032679739,0.744607790535465,0.909090909090909,0.737063236870311,0,0.104997597308986,0.00652204371186942,0.102930286681477,0.170244740231859,0.75272009298027,200080,"https://open.spotify.com/track/57vxBYXtHMk6H1aD29V7PU"
"con calma","Daddy Yankee",0.5,"2019-01-24","Pop",0.690196078431373,0.862646206674536,0.727272727272727,0.873354769560557,0,0.0428880345987506,0.113965397602587,0.0398815190944674,0.661872048089309,0.220849145113635,193227,"https://open.spotify.com/track/5w9c2J52mkdntKOmRLeM2m"
"bonita","Juanes",0.0909090909090908,"2019-09-06","Pop",0.700653594771242,0.885180813391995,0,0.876141479099678,1,0.0324363286881307,0.264228575786944,0.243626362001481,0.989265779304422,0.668918824303698,147493,"https://open.spotify.com/track/0gcOnIUKIG6JF56iFUfE0p"
"lover (remix) [feat. shawn mendes]","Taylor Swift",0.409090909090909,"2019-11-13","Pop",0.312418300653595,0.586865543513253,0.636363636363636,0.679399785637728,1,0.0485343584814993,0.448689580730499,0.0703480376600021,0.410691283812795,1,221307,"https://open.spotify.com/track/3i9UVldZOE0aD0JnyfAZZ0"
"runaway","Sebastian Yatra",0.181818181818182,"2019-06-21","Pop",0.715032679738562,0.852988518081339,0.181818181818182,0.844287245444802,1,0.0526189332051898,0.0347922471661401,0.112451073733206,0.960283383426363,0.0879951829498831,200693,"https://open.spotify.com/track/7BuSE9uTIw931wtZYzvZcQ"
"lose you to love me","Selena Gomez",0.772727272727273,"2019-10-23","Pop",0.386928104575163,0.304646421289838,0.363636363636364,0.600986066452304,1,0.0242671792407496,0.596880163353692,0.201311752882683,0.0560326320309146,0.27688936188089,206459,"https://open.spotify.com/track/1HfMVBKM75vxSfsQ5VefZ5"
"rebota - remix","Guaynaa",0.0909090909090908,"2019-07-12","Pop",0.883660130718954,0.85942697714347,0,0.889346195069668,0,0.216722729456992,0.212413686757855,0.688987622976833,0.835766423357664,0.193095094730651,262000,"https://open.spotify.com/track/3dWpRjCmaHbroNahuSeX11"
"before you go","Lewis Capaldi",0.636363636363636,"2019-11-19","Pop",0.326797385620915,0.556819401223307,0.272727272727273,0.778778135048231,1,0.040485343584815,0.625896501209981,0.072781127684333,0.154143409188493,0.346120454259028,215107,"https://open.spotify.com/track/7ce20yLkzuXXLUhzIDoZih"
"soltera - remix","Lunay",0.409090909090909,"2019-05-10","Pop",0.766013071895425,0.780019315377186,0.454545454545455,0.803944265809218,1,0.023546371936569,0.374076140528611,0.441447159631863,0.816444826105625,0.207035133659138,266087,"https://open.spotify.com/track/1c0hsvHLELX6y8qymnpLKL"
"contando lunares (feat. cruz cafuné)","Don Patricio",0.136363636363636,"2019-01-27","Pop",0.845751633986928,0.501019422684838,0.363636363636364,0.537706323687031,0,0.129024507448342,0.460088856316898,0.0359674177509785,0.718763417775869,0.304489378684553,219667,"https://open.spotify.com/track/6uW0PIRcyZLvkoonm763xD"
"believe","Cher",0,"1998","Pop",0.579084967320262,0.923811567764782,0.545454545454545,0.698949624866024,1,0.0374819798173955,0.00847028353936315,0.0330053951126626,0.450407900386432,0.493810650721857,239027,"https://open.spotify.com/track/2goLsvvODILDzeeiT4dAoR"
"pink + white","Frank Ocean",0.0454545454545454,"2016-08-20","Pop",0.437908496732026,0.532138641485138,0.818181818181818,0.667652733118971,1,0.0907015857760692,0.694292154728378,0.418174124616524,0.552382996994418,0.681192499964992,184516,"https://open.spotify.com/track/3xKsf9qdS1CyvXSMEid6g8"
"royals","Lorde",0.0909090909090908,"2013-01-01","Pop",0.607843137254902,0.399077154201095,0.636363636363636,0.579592711682744,1,0.118212397885632,0.125364673188987,0.118798265101026,0.319450407900386,0.157058238696036,190185,"https://open.spotify.com/track/2dLLR6qlu5UJ5gk0dKz0h3"
"see you again (feat. kali uchis)","Tyler, The Creator",0.136363636363636,"2017-07-21","Pop",0.456209150326797,0.539650177057624,0.545454545454545,0.591682743837085,1,0.0868572801537722,0.384439118334429,0.0944673648577171,0.62322885358523,0.112808592273116,180387,"https://open.spotify.com/track/7KA4W4McWYRpgf0fWsJZWB"
"loving is easy","Rex Orange County",0.181818181818182,"2017-10-11","Pop",0.715032679738562,0.593304002575384,0.272727272727273,0.647202572347267,1,0.0370014416146083,0.224849260124837,0.0807151168941077,0.534134821811936,0.38212230266198,155720,"https://open.spotify.com/track/5EYi2rH4LYs6M21ZLOyQTx"
"lo que siento","Cuco",0,"2017-05-25","Pop",0.152941176470588,0.674857817362378,0.909090909090909,0.747995712754555,1,0.186689091782797,0.521230425371223,0.430868507352163,0.396736796908544,0.171089297466848,312000,"https://open.spotify.com/track/3oyf4dalm17kzTE8LJDbgR"
"finally // beautiful stranger","Halsey",0.136363636363636,"2019-12-06","Pop",0.545098039215686,0.529992488464428,0.818181818181818,0.768188638799571,0,0.00648726573762614,0.0528238285482629,0.103988151909447,0.0897380850150279,0.500819178580931,221096,"https://open.spotify.com/track/5YvcUK2eXJ2OllqDuEg18S"
"adore you","Harry Styles",0.681818181818182,"2019-12-06","Pop",0.610457516339869,0.767142397252924,0.727272727272727,0.829496248660236,1,0.0296732340221048,0.0245328991383806,0.0870623082619274,0.568484328037784,0.256269866830969,207133,"https://open.spotify.com/track/1M4qEo4HE3PRaCOM7EXNJq"
"i feel love","Sam Smith",0.0909090909090908,"2019-11-01","Pop",0.666666666666667,0.699538577100547,0,0.669024651661308,1,0.0217443536761172,0.00665676242334505,0.0468634295990691,0.232503220266209,0.445080027445983,254453,"https://open.spotify.com/track/29MOOOmMRPeWyPwKQFoF5t"
"cheap thrills","Sia",0.0454545454545454,"2016-01-29","Pop",0.547712418300654,0.688807811996995,0.545454545454545,0.746623794212219,0,0.0977895242671792,0.0488858969820521,0.0751084311858669,0.743452125375698,0.192752019940347,211667,"https://open.spotify.com/track/27SdWb2rFzO6GWiYDBTD9j"
"work from home (feat. ty dolla $ign)","Fifth Harmony",0.0909090909090908,"2016-05-27","Pop",0.776470588235294,0.567550166326859,0.727272727272727,0.73577706323687,1,0.023546371936569,0.106711313138515,0.0472865756902571,0.59424645770717,0.298061977511097,214480,"https://open.spotify.com/track/4tCtwWceOPWzenK2HAIJSb"
"someone like you","Adele",0.136363636363636,"2011-01-19","Pop",0.450980392156863,0.284257967593089,0.818181818181818,0.633311897106109,1,0.00528592023065834,0.925386559798113,0.0845234317147995,0.266852726492057,0.508317813283296,285240,"https://open.spotify.com/track/6QPKYGnAW9QozVz2dSWqRg"
"shape of you","Ed Sheeran",0.454545454545455,"2017-03-03","Pop",0.805228758169935,0.639446292520657,0.0909090909090909,0.85058949624866,0,0.0679961556943777,0.602061652256601,0.0776473077329948,0.95706311721769,0.234768179463123,233713,"https://open.spotify.com/track/7qiZfU4dY1lWllzX7mPBI3"
"chandelier","Sia",0.136363636363636,"2014-07-04","Pop",0.248366013071895,0.784311621418607,0.0909090909090909,0.863579849946409,1,0.0315953868332532,0.0203877080160535,0.0516238231249339,0.571704594246458,0.382584403399941,216120,"https://open.spotify.com/track/4VrWlk8IQxevMvERoX08iC"
"yellow hearts","Ant Saunders",0.590909090909091,"2019-06-18","Pop",0.857516339869281,0.409807919304646,0.636363636363636,0.603644158628081,1,0.0580249879865449,0.183397348901566,0.0577594414471596,0.703735508802061,0.466245641549858,223258,"https://open.spotify.com/track/2W4yABdLc4Jnds67Poi5Nl"
"pumped up kicks","Foster The People",0.318181818181818,"2011-05-23","Pop",0.684967320261438,0.701684730121258,0.454545454545455,0.736291532690246,0,0.0067275348390197,0.150235819922949,0.0802919708029197,0.993559467582654,0.458803019058155,239600,"https://open.spotify.com/track/7w87IxuO7BDcJ3YUqCyMTT"
"we can't stop","Miley Cyrus",0.0454545454545454,"2013-10-04","Pop",0.528104575163399,0.607253997210001,0.0909090909090909,0.738649517684887,0,0.0117731859682845,0.00911278816332385,0.370570189357876,0.477243452125376,0.122925797823926,231240,"https://open.spotify.com/track/2y4lAQpi5VTNLu2ldeTdUH"
"all of me","John Legend",0.409090909090909,"2013-08-30","Pop",0.27843137254902,0.223092606502844,0.727272727272727,0.684201500535906,1,0.0103315713599231,0.955439195434984,0.118798265101026,0.31300987548304,0.402475739711257,269560,"https://open.spotify.com/track/3U4isOIWM3VvDubwSI3y7a"
"don't let me down","The Chainsmokers",0.227272727272728,"2016-02-05","Pop",0.422222222222222,0.872303895267733,1,0.768660235798499,1,0.178279673234022,0.16267139328993,0.123029726012906,0.410691283812795,0.68164759917662,208373,"https://open.spotify.com/track/1i1fxkWeaMmKEB4T7zqbzK"
"sunday best","Surfaces",0.227272727272728,"2019-01-06","Pop",0.874509803921569,0.503165575705548,0.454545454545455,0.694147909967846,1,0.0410860163382989,0.189615135585056,0.0546916322860468,0.702662086732503,0.347107669471945,158571,"https://open.spotify.com/track/1Cv1YLb4q0RzL6pybtaMLo"
"lush life","Zara Larsson",0,"2017-03-17","Pop",0.633986928104575,0.703830883141968,0.636363636363636,0.818863879957128,0,0.0269101393560788,0.137800246555968,0.202369618110653,0.815371404036067,0.249086300813577,201122,"https://open.spotify.com/track/1rIKgCH4H52lrvDcz50hS8"
"halo","Beyoncé",0.0454545454545454,"2008-11-14","Pop",0.390849673202614,0.71241549522481,1,0.733762057877813,0,0.0470927438731379,0.281845638056834,0.0387178673437004,0.464362387290683,0.122785767297271,261640,"https://open.spotify.com/track/4JehYebiI9JE8sR8MisGVb"
"liar","Camila Cabello",0.5,"2019-09-04","Pop",0.694117647058824,0.474192509925958,1,0.700493033226152,0,0.0264296011532917,0.0174860742304245,0.316619062731408,0.657578359811078,0.249044291655581,207039,"https://open.spotify.com/track/7LzouaWGFCy4tkXDOOnEyM"
"rude","MAGIC!",0.0909090909090908,"2014-06-25","Pop",0.738562091503268,0.751046249597596,0.0909090909090909,0.772904608788853,1,0.0183805862566074,0.0438080378572015,0.301808949539829,0.95706311721769,0.57122652738297,224840,"https://open.spotify.com/track/6RtPijgfPKROxEzTHNRiDp"
"just give me a reason (feat. nate ruess)","P!nk",0.181818181818182,"2012-09-18","Pop",0.743790849673203,0.526773258933362,0.181818181818182,0.67524115755627,1,0.0303940413262854,0.358531673819885,0.118798265101026,0.431086303134392,0.227941691288701,242733,"https://open.spotify.com/track/1mKXFLRA179hdOWQBwUk9e"
"story of my life","One Direction",0.181818181818182,"2013-11-25","Pop",0.511111111111111,0.651250134134564,0.272727272727273,0.738306538049303,1,0.0289524267179241,0.233139642369491,0.105046017137417,0.264705882352941,0.410457479730581,245493,"https://open.spotify.com/track/4nVBt6MZDDP6tRVdQTgxJg"
"new rules","Dua Lipa",0.318181818181818,"2017-06-02","Pop",0.722875816993464,0.690953965017706,0.818181818181818,0.728917470525188,0,0.0550216242191254,0.00267737894591106,0.141013434888395,0.610347788750537,0.375470852645877,209320,"https://open.spotify.com/track/2ekn2ttSfGqwhhate0LSR0"
"dusk till dawn - radio edit","ZAYN",0.227272727272728,"2017-09-07","Pop",0.0640522875816994,0.408734842794291,1,0.704394426580922,0,0.0185007208073042,0.104638717577351,0.0912937691738073,0.0615070845856591,0.823358492151289,239000,"https://open.spotify.com/track/1j4kHkkpqZRBwE0A4CN4Yv"
"impossible","James Arthur",0,"2013-11-01","Pop",0.218300653594771,0.686661658976285,0,0.781907824222937,0,0.0856559346468044,0.146090628800622,0.0955252300856871,0.282954057535423,0.749646422920196,209440,"https://open.spotify.com/track/5yVIlYEHZxQVLyInCdldoS"
"love lies (with normani)","Khalid",0.136363636363636,"2018-02-14","Pop",0.652287581699346,0.635153986479236,0.545454545454545,0.745852090032154,1,0.0255886592984142,0.0990427095622098,0.120913995556966,0.320523829969944,0.570687409855348,201707,"https://open.spotify.com/track/45Egmo7icyopuzJN0oMEdk"
"pillowtalk","ZAYN",0.0909090909090908,"2016-03-25","Pop",0.490196078431373,0.690953965017706,1,0.803772775991425,1,0.0264296011532917,0.12121948206666,0.0784935999153708,0.427866036925719,0.437581392743618,202747,"https://open.spotify.com/track/0PDUDa38GO8lMxLCRc4lL1"
"tik tok","Kesha",0.181818181818182,"2010-01-01","Pop",0.713725490196079,0.837965446936367,0.181818181818182,0.870525187566988,0,0.142239308024988,0.102669751794246,0.284883105892309,0.724130528123658,0.403161889291866,199693,"https://open.spotify.com/track/0HPD5WQqrq7wPWR7P7Dw1i"
"new light","John Mayer",0.181818181818182,"2018-05-10","Pop",0.809150326797386,0.679150123403799,0.636363636363636,0.64930332261522,1,0.0108121095627102,0.336769420427668,0.0646355654289644,0.873336195792185,0.430488846568552,216015,"https://open.spotify.com/track/3bH4HzoZZFq8UpZmI2AMgV"
"nothing breaks like a heart (feat. miley cyrus)","Mark Ronson",0.136363636363636,"2018-11-30","Pop",0.512418300653595,0.791823156991094,0.636363636363636,0.736505894962487,0,0.0522585295530995,0.0102009008329347,0.389611763461335,0.219622155431516,0.361418789296067,217467,"https://open.spotify.com/track/27rdGxbavYJeBphck5MZAF"
"say something","A Great Big World",0.0909090909090908,"2014-01-17","Pop",0.258823529411765,0.0975426547912866,0.181818181818182,0.608831725616292,1,0.0142960115329169,0.888079839697169,0.0757431503226489,0.0398239587805925,0.551986333020599,229400,"https://open.spotify.com/track/6Vc5wAMmXdKIAM7WUoEb7N"
"mirrors","Justin Timberlake",0.0454545454545454,"2013-03-15","Pop",0.477124183006536,0.48921558107093,0.454545454545455,0.701350482315112,0,0.0320759250360404,0.242466322394727,0.0792341055749498,0.507299270072993,0.101193060087099,484147,"https://open.spotify.com/track/4rHZZAmHpZrA3iH5zx8frV"
"better","Khalid",0,"2018-09-14","Pop",0.304575163398693,0.567550166326859,0,0.544094319399786,0,0.0874579529072561,0.101944343347839,0.127261186924786,0.0822241305281237,0.245886603279515,229413,"https://open.spotify.com/track/4T3fNx3CgwDRRYgmFCbD4J"
"budapest","George Ezra",0,"2014-06-27","Pop",0.660130718954248,0.423757913939264,0.454545454545455,0.632583065380493,1,0.00480538202787121,0.0914777357639629,0.0934094996297472,0.393516530699871,0.457486732107599,200720,"https://open.spotify.com/track/7GJClzimvMSghjcrKxuf1M"
"payphone","Maroon 5",0.0909090909090908,"2012-01-01","Pop",0.698039215686274,0.746753943556176,0.363636363636364,0.780707395498392,1,0.0213839500240269,0.0194550400135299,0.282767375436369,0.542722198368399,0.333055606122135,231173,"https://open.spotify.com/track/1XGmzt0PVuFgQYYnV2It7A"
"say you won't let go","James Arthur",0,"2016-09-09","Pop",0.249673202614379,0.5450155596094,0.909090909090909,0.667909967845659,1,0.034478616049976,0.718127003681759,0.0704538241827991,0.476170030055818,0.257817204150505,211240,"https://open.spotify.com/track/1Pw5C4N6Fn5E4mGCxmbbVa"
"good thing (with kehlani)","Zedd",0.272727272727273,"2019-09-27","Pop",0.632679738562091,0.5450155596094,0.0909090909090909,0.821693461950697,0,0.0170591061989428,0.413455456190719,0.0224267428329631,0.573851438385573,0.864457451724476,210901,"https://open.spotify.com/track/5aUSEPNd3m5xliFK4pn5mU"
"speechless","Dan + Shay",0.136363636363636,"2018-06-22","Pop",0.53202614379085,0.409807919304646,0.0909090909090909,0.731189710610932,1,0.00744834214320038,0.368894651625702,0.233047709721781,0.372048089308716,0.514493159508773,213387,"https://open.spotify.com/track/3GJ4hzg4lrGwU51Y3VARbF"
"don't start now","Dua Lipa",0.954545454545455,"2019-10-31","Pop",0.764705882352941,0.790750080480738,1,0.793226152197213,0,0.0728015377222489,0.0129263639958648,0.0798688247117317,0.684413911550022,0.430558861831879,183290,"https://open.spotify.com/track/6WrI0LAC5M1Rw2MnX2ZvEg"
"highest in the room","Travis Scott",0.818181818181818,"2019-10-04","Pop",0.508496732026144,0.398004077690739,0.636363636363636,0.611318327974276,0,0.00973089860643921,0.0565545005583572,0.201311752882683,0.0226492056676685,0.0981824037640205,175721,"https://open.spotify.com/track/3eekarcy7kvN4yt5ZFzltW"
"hot girl bummer","blackbear",0.818181818181818,"2019-08-23","Pop",0.743790849673203,0.539650177057624,0.545454545454545,0.682272240085745,0,0.0648726573762614,0.132618757653059,0.401248280969005,0.685487333619579,0.472904093092294,185093,"https://open.spotify.com/track/7aiClxsDWFRQ0Kzk5KI5ku"
"follow god","Kanye West",0.409090909090909,"2019-10-25","Pop",0.418300653594771,0.905569267088744,0.0909090909090909,0.836870310825295,1,0.473810667948102,0.00022964358817692,0.024225113720512,0.423572348647488,0.825094870681809,104591,"https://open.spotify.com/track/2QpGZOhTCHHiKmpSO9FW4h"
"10,000 hours (with justin bieber)","Dan + Shay",0.681818181818182,"2019-10-04","Pop",0.581699346405229,0.615838609292843,0.909090909090909,0.787952840300107,1,0.00276309466602595,0.158526202167603,0.0965830953136571,0.419278660369257,0.192857042835338,167693,"https://open.spotify.com/track/2wrJq5XKLnmhRXHIAf9xBa"
"beautiful people (feat. khalid)","Ed Sheeran",0.409090909090909,"2019-07-12","Pop",0.563398692810458,0.635153986479236,0.454545454545455,0.639228295819936,0,0.196299855838539,0.128473566530732,0.0640008462921824,0.545942464577072,0.213763600464901,197867,"https://open.spotify.com/track/70eFcWOvlMObDhURTqT4Fv"
"look at her now","Selena Gomez",0.454545454545455,"2019-10-24","Pop",0.462745098039216,0.5450155596094,0.909090909090909,0.648102893890675,0,0.297212878423835,0.118110588724914,0.300751084311859,0.548089308716187,0.64350328371585,162596,"https://open.spotify.com/track/4yI3HpbSFSgFZtJP2kDe5m"
"how do you sleep?","Sam Smith",0.681818181818182,"2019-07-19","Pop",0.350326797385621,0.671638587831312,0.0909090909090909,0.775648445873526,0,0.0827727054300817,0.158526202167603,0.0598751719030996,0.328037784456848,0.336920448657807,202205,"https://open.spotify.com/track/6b2RcmUt1g9N9mQ3CbjX2Y"
"trampoline (with zayn)","SHAED",0.636363636363636,"2019-09-26","Pop",0.535947712418301,0.432342526022105,0.636363636363636,0.739163987138264,0,0.0117731859682845,0.580299398864384,0.124087591240876,0.492271361099184,0.450597230196183,184280,"https://open.spotify.com/track/1iQDltZqI7BXnHrFy4Qo1k"
"south of the border (feat. camila cabello & cardi b)","Ed Sheeran",0.681818181818182,"2019-07-12","Pop",0.847058823529412,0.606180920699646,0.818181818181818,0.713697749196141,0,0.0706391158097069,0.153344713264694,0.0706653972283931,0.674753112924002,0.248834245865599,204467,"https://open.spotify.com/track/4vUmTMuQqjdnvlZmAH61Qk"
"lalala","Y2K",0.681818181818182,"2019-06-28","Pop",0.828758169934641,0.359373323317953,0.181818181818182,0.648403001071811,1,0.0731619413743393,0.187542540023893,0.124087591240876,0.490124516960069,0.472785067144638,160627,"https://open.spotify.com/track/51Fjme0JiitpyXKuyQiCDo"
"sunflower - spider-man: into the spider-verse","Post Malone",0.5,"2019-09-06","Pop",0.713725490196079,0.499946346174482,0.181818181818182,0.79978563772776,1,0.0407256126862086,0.552319358788676,0.0516238231249339,0.950622584800344,0.192639995519023,157560,"https://open.spotify.com/track/0RiRZpuVRbi7oqRdSMwhQY"
"hot (remix) [feat. gunna and travis scott]","Young Thug",0.454545454545455,"2019-11-01","Pop",0.831372549019608,0.616911685803198,0.636363636363636,0.63524115755627,0,0.231138875540605,0.194796624487965,0.0644239923833704,0.542722198368399,0.346834609944968,279907,"https://open.spotify.com/track/56AMYGJzxBO6p8v0wEe9de"
"good as hell (feat. ariana grande) - remix","Lizzo",0.590909090909091,"2019-10-25","Pop",0.6,0.896984655005902,0.454545454545455,0.858392282958199,0,0.0491350312349832,0.30878938035196,0.75669099756691,0.470802919708029,0.234418103146486,159011,"https://open.spotify.com/track/07Oz5StQ7GRoygNLaXs2pd"
"ransom","Lil Tecca",0.636363636363636,"2019-08-30","Pop",0.700653594771242,0.628715527417105,0.636363636363636,0.718799571275455,0,0.31643440653532,0.0211131164624607,0.048767587009415,0.200300558179476,0.82287538683433,131240,"https://open.spotify.com/track/1lOe9qE0vR9zwWQAOk6CoO"
"graveyard","Halsey",0.5,"2019-09-13","Pop",0.598692810457516,0.565404013306149,1,0.767245444801715,0,0.0613887554060548,0.239357429052981,0.170633661271554,0.158437097466724,0.207224174870122,181806,"https://open.spotify.com/track/6V9fHiv84WlVTg7CSnIVY2"
"callaita","Bad Bunny",0.636363636363636,"2019-05-31","Pop",0.524183006535948,0.609400150230711,0.181818181818182,0.782422293676313,1,0.342864007688611,0.621751310087654,0.236221305405691,0.219622155431516,0.796234579138252,250534,"https://open.spotify.com/track/2TH65lNHgvLxCKXM3apjxI"
"panini","Lil Nas X",0.136363636363636,"2019-09-13","Pop",0.645751633986928,0.577207854920056,0.454545454545455,0.723558413719185,0,0.0619894281595387,0.354386482697558,0.109277478049297,0.467582653499356,0.639953509865151,114893,"https://open.spotify.com/track/1000nHvUdawXuUHgBod4Wv"
"bad to you (with normani & nicki minaj)","Ariana Grande",0,"2019-11-01","Pop",0.677124183006536,0.565404013306149,0.636363636363636,0.670439442658092,0,0.0579048534358481,0.0673319974764076,0.0912937691738073,0.632889652211249,0.598889557923627,171840,"https://open.spotify.com/track/7vJS1DPc3FzBtqBs8n3mW5"
"no me conoce - remix","Jhay Cortez",0.454545454545455,"2019-05-24","Pop",0.780392156862745,0.783238544908252,0.909090909090909,0.822808145766345,0,0.0606679481018741,0.150235819922949,0.0780704538241828,0.58029197080292,0.20673406802683,309120,"https://open.spotify.com/track/4R8BJggjosTswLxtkw8V7P"
"fantasias","Rauw Alejandro",0.727272727272727,"2019-08-29","Pop",0.875816993464052,0.694173194548771,0.0909090909090909,0.806173633440514,1,0.0558625660740029,0.148163224361786,0.0393525864804824,0.803563761270932,0.220954168008626,199711,"https://open.spotify.com/track/6mAN61JH0dzyZpWslS11jy"
"loco contigo (feat. j. balvin & tyga)","DJ Snake",0.545454545454545,"2019-07-25","Pop",0.633986928104575,0.753192402618307,1,0.85903536977492,1,0.233541566554541,0.288063424740324,0.0870623082619274,0.35594675826535,0.907712881408147,185195,"https://open.spotify.com/track/6osaMSJh9NguagEDQcZaKx"
"223's (feat. 9lokknine)","YNW Melly",0.409090909090909,"2019-08-09","Pop",0.945098039215686,0.526773258933362,0,0.653204715969989,0,0.371696299855839,0.0401809956251653,0.0769068020734159,0.703735508802061,0.22791368518337,176640,"https://open.spotify.com/track/4sjiIpEv617LDXaidKioOI"
"si te vas","Sech",0.545454545454545,"2019-09-26","Pop",0.683660130718954,0.630861680437815,0,0.810246516613076,1,0.13022585295531,0.0967628544449299,0.130434782608696,0.552382996994418,0.781748421155812,204907,"https://open.spotify.com/track/6Y4PDQv4XjYjHLeLmvyOt0"
"old town road - remix","Lil Nas X",0.636363636363636,"2019-06-21","Pop",0.874509803921569,0.604034767678936,0.545454545454545,0.748681672025723,1,0.0941854877462758,0.0552073134436009,0.098698825769597,0.643623872906827,0.51527733045804,157067,"https://open.spotify.com/track/2YpeDb67231RjR0MgVLzsG"
"yo x ti, tu x mi","ROSALÍA",0.545454545454545,"2019-08-15","Pop",0.74640522875817,0.754265479128662,0.0909090909090909,0.845916398713826,1,0.241950985103316,0.47874221636737,0.130434782608696,0.579218548733362,0.206587035973842,201040,"https://open.spotify.com/track/7BlBVFwvbWvcwNcUarQmjk"
"trigger","Major Lazer",0.181818181818182,"2019-10-24","Pop",0.471895424836601,0.567550166326859,0.727272727272727,0.68518756698821,1,0.273185968284479,0.132618757653059,0.0965830953136571,0.363460712752254,0.243926175906348,171987,"https://open.spotify.com/track/0Z26mbSHJ1dkUu7g9DDgif"
"make it right (feat. lauv)","BTS",0.318181818181818,"2019-10-18","Pop",0.490196078431373,0.674857817362378,0.636363636363636,0.652175777063237,1,0.482220086496876,0.0314760942682784,0.179096583095314,0.328037784456848,0.245788581910857,226321,"https://open.spotify.com/track/314ZkcV7oLWG8yWE7LABvH"
"lonely (with jonas brothers)","Diplo",0.181818181818182,"2019-09-27","Pop",0.691503267973856,0.709196265693744,0.0909090909090909,0.767502679528403,1,0.040485343584815,0.0642231041346623,0.196022426742833,0.4944182052383,0.249261338971896,139813,"https://open.spotify.com/track/4fwo6czG5nvOQMzhOto1ya"
"easy","Camila Cabello",0.0909090909090908,"2019-10-11","Pop",0.477124183006536,0.576134778409701,0.363636363636364,0.741350482315112,0,0.0272705430081692,0.4258910295577,0.0813498360308897,0.338772005152426,0.459489168638763,194686,"https://open.spotify.com/track/46D0hYb1B7qiU33VtXt21W"
"harleys in hawaii","Katy Perry",0.0909090909090908,"2019-10-16","Pop",0.670588235294118,0.752119326107952,0.909090909090909,0.720943193997856,0,0.13022585295531,0.19168773114622,0.112451073733206,0.731644482610562,0.543654516684637,185815,"https://open.spotify.com/track/5nCthAh3jt4xKuLJAifAaR"
"bruises","Lewis Capaldi",0.454545454545455,"2019-05-17","Pop",0.688888888888889,0.270307972958472,0.363636363636364,0.651361200428724,1,0.0529793368572801,0.980310342168946,0.175922987411404,0.345212537569772,0.341366417879098,220492,"https://open.spotify.com/track/4Of7rzpRpV1mWRbhp5rAqG"
"july","Noah Cyrus",0.545454545454545,"2019-07-31","Pop",0.652287581699346,0.139392638695139,0.818181818181818,0.603215434083601,0,0.0223450264296012,0.899479115283568,0.0615677562678515,0.302275654787462,0.0706804083290158,156107,"https://open.spotify.com/track/5a6pdCHlWS2ekOOQ70QnAr"
"heartless (feat. morgan wallen)","Diplo",0.272727272727273,"2019-08-16","Pop",0.725490196078431,0.535357871016204,1,0.712068595927117,1,0.0442095146564152,0.284954531398579,0.0663281497937163,0.231429798196651,0.339980115665215,169227,"https://open.spotify.com/track/0rFQ5cKYJ9WtHSKp9sxVYt"
"orphans","Coldplay",0.0909090909090908,"2019-10-24","Pop",0.384313725490196,0.806846228136066,1,0.770503751339764,0,0.025708793849111,0.0262946053653696,0.568390986988258,0.261485616144268,0.318772492403344,197533,"https://open.spotify.com/track/6muOWhMh7Tf0UFUtMDBhUR"
"what am i","Why Don't We",0.136363636363636,"2019-08-23","Pop",0.529411764705882,0.634080909968881,0,0.78636655948553,0,0.0345987506006727,0.0711662992645602,0.0891780387178674,0.352726492056677,0.710066794561214,184665,"https://open.spotify.com/track/1HimGOB6BjOaCQYMIF1xtU"
"teeth","5 Seconds of Summer",0.181818181818182,"2019-08-21","Pop",0.713725490196079,0.420538684408198,0.272727272727273,0.858735262593783,0,0.0203027390677559,0.0526165689921465,0.0955252300856871,0.420352082438815,0.536190889613936,204887,"https://open.spotify.com/track/1JRK7srBWUtAW7dPabKBwJ"
"outnumbered","Dermot Kennedy",0.181818181818182,"2019-06-13","Pop",0.529411764705882,0.673784740852023,0,0.738821007502679,1,0.160259490629505,0.25593819354229,0.0824077012588596,0.234650064405324,0.660972091916038,245700,"https://open.spotify.com/track/6UjZ2Yx2g2a52XxiA8ONxZ"
"playing games (with bryson tiller) - extended version","Summer Walker",0.181818181818182,"2019-10-04","Pop",0.675816993464052,0.377615623993991,1,0.703837084673097,0,0.045410860163383,0.6248602034294,0.217179731302232,0.450407900386432,0.374385616064302,143227,"https://open.spotify.com/track/2xyx0o4xNOLLjBSbOOdcbA"
"dancin (feat. luvli) - krono remix","Aaron Smith",0.363636363636364,"2014-11-07","Pop",0.66797385620915,0.734950101942269,0.909090909090909,0.707138263665595,0,0.0061268620855358,0.104638717577351,0.284883105892309,0.340918849291541,0.402237687815944,198053,"https://open.spotify.com/track/6WkJ2OK163XXS2oARUC9JM"
"bones (feat. onerepublic)","Galantis",0.0454545454545454,"2019-01-31","Pop",0.586928104575164,0.802553922094645,0,0.74117899249732,1,0.016938971648246,0.00477070046268623,0.167460065587644,0.503005581794762,0.403294918292188,205793,"https://open.spotify.com/track/1pfgsjmxVZhoZpeDx6POKv"
"happier","Marshmello",0.590909090909091,"2018-08-17","Pop",0.62483660130719,0.789677003970383,0.454545454545455,0.8691961414791,1,0.0259490629505046,0.197905517829711,0.155823548079975,0.677973379132675,0.263040342794729,214290,"https://open.spotify.com/track/2dpaYNEQHiRxtZbfNsse99"
"speechless (feat. erika sirola)","Robin Schulz",0.0909090909090908,"2018-11-16","Pop",0.477124183006536,0.721000107307651,0.0909090909090909,0.782250803858521,1,0.0461316674675637,0.0166570360059591,0.0691843859092352,0.243237440961786,0.43830254995589,214942,"https://open.spotify.com/track/1rCcsYnmqbMYdkG7kS9GC5"
"fuck, i'm lonely (with anne-marie) - from “13 reasons why: season 3”","Lauv",0.363636363636364,"2019-08-02","Pop",0.780392156862745,0.538577100547269,0.818181818181818,0.710096463022508,1,0.0537001441614608,0.499468171979005,0.0445361260975352,0.685487333619579,0.228039712657359,198973,"https://open.spotify.com/track/322tcqPhma7F6hfCeLisx0"
"sucker","Jonas Brothers",0.5,"2019-06-07","Pop",0.827450980392157,0.727438566369782,0.0909090909090909,0.769903536977492,0,0.0422873618452667,0.0442225569694342,0.0912937691738073,0.979604980678403,0.528699256437903,181027,"https://open.spotify.com/track/22vgEDb5hykfaTwLuskFGD"
"sorry not sorry","Demi Lovato",0.181818181818182,"2017-09-29","Pop",0.648366013071895,0.626569374396395,1,0.690032154340836,0,0.241950985103316,0.0245328991383806,0.256320744737121,0.909832546157149,0.571541596067943,203760,"https://open.spotify.com/track/7gvd8xj4QgPqbQSsn5pV7d"
"slide away","Miley Cyrus",0.227272727272728,"2019-08-16","Pop",0.419607843137255,0.517115570340165,0.454545454545455,0.701007502679528,1,0.0118933205189813,0.176143264437493,0.241510631545541,0.266852726492057,0.599365661714254,233654,"https://open.spotify.com/track/44ADyYoY5liaRa3EOAl4uf"
"secret love song (feat. jason derulo)","Little Mix",0.0454545454545454,"2015-11-06","Pop",0.42483660130719,0.628715527417105,0.818181818181818,0.816806002143623,1,0.0321960595867371,0.268373766909271,0.285940971120279,0.0983254615714899,0.213665579096243,249813,"https://open.spotify.com/track/4JIo8RztBbELr2gWJ5OGK6"
"cake by the ocean","DNCE",0.181818181818182,"2016-11-18","Pop",0.738562091503268,0.747827020066531,0.363636363636364,0.753612004287245,0,0.0337578087457953,0.158526202167603,0.0184068549666772,0.919493344783169,0.395978323274474,219147,"https://open.spotify.com/track/76hfruVvmfQbw0eYn1nmeC"
"call me maybe","Carly Rae Jepsen",0,"2012-01-01","Pop",0.750326797385621,0.562184783775083,0.636363636363636,0.706323687031083,1,0.0206631427198462,0.0117864364372248,0.0934094996297472,0.66616573636754,0.403112878607537,193400,"https://open.spotify.com/track/20I6sIOMTCkB6w7ryavxtO"
"classic","MKTO",0.0454545454545454,"2012","Pop",0.66797385620915,0.788603927460028,0.0909090909090909,0.786023579849946,1,0.120615088899568,0.0397664765129326,0.145244895800275,0.769214255045084,0.277435480934844,175427,"https://open.spotify.com/track/6FE2iI43OZnszFLuLtvvmg"
"love me less (feat. quinn xcii)","MAX",0.0909090909090908,"2019-04-05","Pop",0.683660130718954,0.858353900633115,1,0.892733118971061,0,0.0832532436328688,0.0857780979707631,0.320850523643288,0.78531558608845,0.578242056768375,177670,"https://open.spotify.com/track/2tOOcDDYkh0PSjr6GwPEAJ"
"complicated","Avril Lavigne",0.0454545454545454,"2002-06-04","Pop",0.491503267973856,0.7725077798047,0.454545454545455,0.734190782422294,1,0.026790004805382,0.0592488747878698,0.296519623399979,0.416058394160584,0.108810720737121,244507,"https://open.spotify.com/track/5xEM5hIgJ1jjgcEBfpkt2F"
"let me go (with alesso, florida georgia line & watt)","Hailee Steinfeld",0.227272727272728,"2017-09-08","Pop",0.593464052287582,0.699538577100547,0.727272727272727,0.808960342979635,1,0.028471888515137,0.0348958769441983,0.0681265206812652,0.754186346071275,0.28445101032025,174800,"https://open.spotify.com/track/5Gu0PDLN4YJeW75PpBSg9p"
"out of love","Alessia Cara",0.0909090909090908,"2018-11-30","Pop",0.369934640522876,0.226311836033909,0.636363636363636,0.59048231511254,1,0.012013455069678,0.829010866204008,0.242568496773511,0.104765993988836,0.386715303936258,227693,"https://open.spotify.com/track/4WzhjxvLP95y7AMDy0Atwb"
"easier","5 Seconds of Summer",0.227272727272728,"2019-05-23","Pop",0.386928104575163,0.399077154201095,0.454545454545455,0.746795284030011,1,0.237145603075444,0.506722256443078,0.0825134877816566,0.621082009446114,0.793742035763797,157493,"https://open.spotify.com/track/4tNXntkAzQ5A2dfYRYGIIQ"
"what a time (feat. niall horan)","Julia Michaels",0.0909090909090908,"2019-01-24","Pop",0.403921568627451,0.440927138104947,0,0.721929260450161,1,0.00792888034598751,0.686001772483724,0.0693959589548292,0.372048089308716,0.492963466035596,173307,"https://open.spotify.com/track/5WtfUKzXircvW8l5aaVZWT"
"my oh my (feat. dababy)","Camila Cabello",0.818181818181818,"2019-12-06","Pop",0.673202614379085,0.466680974353471,0.727272727272727,0.728788853161843,1,0.00720807304180683,0.0186260017890645,0.072992700729927,0.368827823100043,0.298265021774747,170746,"https://open.spotify.com/track/3yOlyBJuViE2YSGn3nVE1K"
"toxic","Britney Spears",0.0909090909090908,"2003-11-13","Pop",0.738562091503268,0.839038523446722,0.454545454545455,0.81924973204716,0,0.108601633829889,0.0257764564750787,0.235163440177721,0.949549162730786,0.564281013260891,198800,"https://open.spotify.com/track/6I9VzXrHxO9rA9A5euc8Ak"
"me and my broken heart","Rixton",0,"2014-01-01","Pop",0.43921568627451,0.780019315377186,0.454545454545455,0.804372990353698,0,0.0130946660259491,0.00504013788563749,0.118798265101026,0.549162730785745,0.781636396734488,193733,"https://open.spotify.com/track/1oew3nFNY3vMacJAsvry0S"
"phases","PRETTYMUCH",0,"2019-04-26","Pop",0.733333333333333,0.622277068354974,1,0.698778135048231,0,0.129024507448342,0.175106966656912,0.0506717444197609,0.485830828681838,0.30445437105289,215760,"https://open.spotify.com/track/3je88Q4OvTqIx7BFRFYvRA"
"like i'm gonna lose you (feat. john legend)","Meghan Trainor",0.0909090909090908,"2015-01-09","Pop",0.550326797385621,0.508530958257324,0,0.675841371918542,1,0.0237866410379625,0.4144917539713,0.166402200359674,0.405324173465006,0.319213588562307,225053,"https://open.spotify.com/track/2YlZnw2ikdb837oKMKjBkW"
"bleeding love","Leona Lewis",0.0454545454545454,"2007","Pop",0.56078431372549,0.643738598562078,0.454545454545455,0.73470525187567,1,0.0145362806343104,0.194796624487965,0.133608378292606,0.199227136109918,0.291193480178679,262467,"https://open.spotify.com/track/7wZUrN8oemZfsEd1CGkbXE"
"no one compares to you","Jack & Jack",0.136363636363636,"2019-01-25","Pop",0.641830065359477,0.742461637514755,0.0909090909090909,0.727931404072883,1,0.0237866410379625,0.131582459872477,0.0787051729609648,0.635036496350365,0.346526542786327,182920,"https://open.spotify.com/track/4cZ3UsiKd1kUQIaq4BFIj2"
"i'm a mess","Bebe Rexha",0.181818181818182,"2018-06-22","Pop",0.550326797385621,0.684515505955575,1,0.718799571275455,0,0.00204228736184527,0.00288463850202741,0.0552205649000317,0.189566337483899,0.24196574853318,195519,"https://open.spotify.com/track/04ZTP5KsCypmtCmQg5tH9R"
"a thousand years","Christina Perri",0.136363636363636,"2011-10-18","Pop",0.277124183006536,0.376542547483636,0.909090909090909,0.667867095391211,1,0.00372417107160019,0.320188655938359,0.0955252300856871,0.130528123658222,0.536190889613936,285120,"https://open.spotify.com/track/6lanRgr6wXibZr8KgzXxBl"
"swalla (feat. nicki minaj & ty dolla $ign)","Jason Derulo",0,"2017-02-23","Pop",0.636601307189542,0.816503916729263,0.0909090909090909,0.821479099678456,1,0.10259490629505,0.0776949752822253,0.176980852639374,0.797123228853585,0.249380364919552,216409,"https://open.spotify.com/track/6kex4EBAj0WHXDKZMEJaaF"
"slow dance","AJ Mitchell",0.0909090909090908,"2019-08-09","Pop",0.631372549019608,0.415173301856422,0.0909090909090909,0.743922829581994,1,0.0180201826045171,0.221740366783091,0.0426319686871893,0.347359381708888,0.458270903056866,178800,"https://open.spotify.com/track/5FNS5Vj69AhRGJWjhrAd01"
"black magic","Little Mix",0,"2015-11-06","Pop",0.742483660130719,0.900203884536968,0.363636363636364,0.79566988210075,1,0.0458913983661701,0.0360358045028382,0.314503332275468,0.844353799914126,0.346862616050299,211773,"https://open.spotify.com/track/5y6pj7OeBFF0CVgZKhRbOG"
"some say","Nea",0.227272727272728,"2019-09-06","Pop",0.745098039215687,0.306792574310548,0.272727272727273,0.716270096463022,0,0.0201826045170591,0.726417385926413,0.118798265101026,0.47509660798626,0.297893940879112,175602,"https://open.spotify.com/track/4poybupy26pTWPr9zY1i7h"
"never seen the rain","Tones and I",0.363636363636364,"2019-08-29","Pop",0.605228758169935,0.437707908573881,0.545454545454545,0.74593783494105,0,0.0160980297933686,0.445580687388753,0.27959377975246,0.248604551309575,0.207406214554773,200742,"https://open.spotify.com/track/0JQ5MbyriK6ruD3t6RZ7ix"
"if the world was ending (feat. julia michaels)","JP Saxe",0.545454545454545,"2019-10-17","Pop",0.333333333333333,0.447365597167078,0.0909090909090909,0.554640943193998,1,0.126621816434407,0.897406519722405,0.0944673648577171,0.606054100472306,0.0935053841737499,208687,"https://open.spotify.com/track/2kJwzbxV2ppxnQoYw4GLBZ"
"up all night","Khalid",0.5,"2019-11-14","Pop",0.596078431372549,0.703830883141968,0.0909090909090909,0.663965702036442,1,0.0349591542527631,0.00104002845259186,0.0870623082619274,0.675826534993559,0.220849145113635,157220,"https://open.spotify.com/track/1mpD5Q8IM32I4bF6eCpU74"
"torn","Ava Max",0.227272727272728,"2019-08-19","Pop",0.594771241830065,0.831526987874236,0.181818181818182,0.795326902465166,0,0.0239067755886593,0.115001695383169,0.0422088225960013,0.704808930871619,0.438379566745551,198006,"https://open.spotify.com/track/2GdxQw8NwoeH8tKySg6nym"
"salt","Ava Max",0.181818181818182,"2019-12-12","Pop",0.632679738562091,0.835819293915656,0.545454545454545,0.848060021436227,1,0.046492071119654,0.135727650994804,0.0563842166507987,0.755259768140833,0.459342136585776,180283,"https://open.spotify.com/track/7vgv8KZBSo0TPzyIWG9yzV"
"freaking me out","Ava Max",0,"2019-07-31","Pop",0.287581699346405,0.533211717995493,0.0909090909090909,0.779635584137192,0,0.0520182604517059,0.474597025245043,0.0601925314714905,0.367754401030485,0.248610197022951,192456,"https://open.spotify.com/track/7uYIX9O9DY6l1D3HiwHR1J"
"takeaway","The Chainsmokers",0.409090909090909,"2019-12-06","Pop",0.416993464052288,0.488142504560575,0.272727272727273,0.637899249732047,1,0.0105718404613167,0.130546162091896,0.0860044430339575,0.334478316874195,0.263635472533012,209880,"https://open.spotify.com/track/3g0mEQx3NTanacLseoP0Gw"
"unwritten","Natasha Bedingfield",0,"2004-08-30","Pop",0.649673202614379,0.79933469256358,0.454545454545455,0.715541264737406,1,0.0195819317635752,0.00595207993254945,0.0661165767481223,0.633963074280807,0.263026339742064,259333,"https://open.spotify.com/track/1D1nixOVWOxvNfWi0UD7VX"
"hey brother","Avicii",0.0454545454545454,"2013-01-01","Pop",0.43921568627451,0.776800085846121,0.636363636363636,0.778392282958199,0,0.0240269101393561,0.0319942431585693,0.0667512958849043,0.449334478316874,0.43807149958691,255093,"https://open.spotify.com/track/4RXpgGM7A4Hg7cFBoH5KyF"
"safe and sound","Capital Cities",0.0454545454545454,"2013","Pop",0.583006535947713,0.818650069749973,0,0.779035369774919,1,0.00961076405574244,0.000155030147975033,0.0891780387178674,0.779948475740661,0.388654726730427,192790,"https://open.spotify.com/track/6Z8R6UsFuGXGtiIxiD8ISb"
"waves - robin schulz radio edit","Mr. Probz",0,"2014-02-07","Pop",0.810457516339869,0.48706942805022,0.454545454545455,0.586881028938907,0,0.0159778952426718,0.00848064651716897,0.0668570824077013,0.440747101760412,0.40291683587022,208133,"https://open.spotify.com/track/5Sf3GyLEAzJXxZ5mbCPXTu"
"give me everything","Pitbull",0.136363636363636,"2011-06-17","Pop",0.603921568627451,0.947419250992596,0.727272727272727,0.849603429796356,1,0.165064872657376,0.198941815610292,0.294403892944039,0.525547445255474,0.466140618654867,252307,"https://open.spotify.com/track/4QNpBfC0zvjKqPJcyqBy9W"
"dance","CLMD",0,"2019-10-18","Pop",0.728104575163399,0.527846335443717,0.636363636363636,0.651189710610932,1,0.0164584334454589,0.0272272733678932,0.201311752882683,0.550236152855303,0.417052917536023,174448,"https://open.spotify.com/track/6TfeXwJihJRuBW3mFpib6J"
"watermelon sugar","Harry Styles",0.636363636363636,"2019-11-17","Pop",0.443137254901961,0.815430840218908,0,0.806602357984995,1,0.0275108121095627,0.126400970969569,0.333544906378927,0.555603263203092,0.230658283505804,174000,"https://open.spotify.com/track/1e9oZCCiX42nJl0AcqriVo"
"havana (feat. young thug)","Camila Cabello",0.363636363636364,"2018-01-12","Pop",0.726797385620915,0.501019422684838,0.181818181818182,0.80128617363344,1,0.00768861124459394,0.190651433365638,0.118798265101026,0.380635465865178,0.297858933247448,217307,"https://open.spotify.com/track/1rfofaqEpACxVEHIZBJe6W"
"stitches","Shawn Mendes",0.0454545454545454,"2015-04-14","Pop",0.701960784313725,0.748900096576886,0.0909090909090909,0.700621650589496,1,0.0521383950024027,0.0157243680034355,0.0305723050883317,0.777801631601546,0.612185456429502,206880,"https://open.spotify.com/track/3zkWCteF82vJwv0hRLba76"
"most girls","Hailee Steinfeld",0,"2017-04-28","Pop",0.715032679738562,0.553600171692242,0.818181818181818,0.686130760986066,1,0.0633109082172033,0.0495076756504012,0.0693959589548292,0.405324173465006,0.283841877529301,204400,"https://open.spotify.com/track/10GJQkjRJcZhGTLagFOC62"
"blank space","Taylor Swift",0.0909090909090908,"2014-01-01","Pop",0.720261437908497,0.694173194548771,0.454545454545455,0.75502679528403,1,0.0365209034118212,0.106711313138515,0.0757431503226489,0.569557750107342,0.234908209989778,231827,"https://open.spotify.com/track/1u8c2t2Cy7UBoG4ArRcF5g"
"thank u, next","Ariana Grande",0.5,"2019-02-08","Pop",0.664052287581699,0.640519369031012,0.0909090909090909,0.74550911039657,1,0.0506967803940413,0.237284833491818,0.0860044430339575,0.399957063117218,0.311707952333609,207320,"https://open.spotify.com/track/3e9HZxeyfWwjeyPAMmWSSQ"
"dark horse","Katy Perry",0.0454545454545454,"2013-01-01","Pop",0.569934640522876,0.567550166326859,0.545454545454545,0.724587352625938,1,0.0332772705430082,0.0032266167696194,0.153707817624035,0.33662516101331,0.486501057230476,215672,"https://open.spotify.com/track/5jrdCoLpJSvHHorevXBATy"
"party in the u.s.a.","Miley Cyrus",0.0909090909090908,"2009-01-01","Pop",0.579084967320262,0.688807811996995,0.909090909090909,0.786966773847803,0,0.0221047573282076,0.00113329525284422,0.07288691420713,0.462215543151567,0.235076246621764,202067,"https://open.spotify.com/track/3E7dfMvvCLUddWissuqMwr"
"slow hands","Niall Horan",0.0454545454545454,"2017-10-20","Pop",0.687581699346405,0.395857924670029,0,0.702036441586281,1,0.0276309466602595,0.0113719173249921,0.0373426425473395,0.867969085444397,0.1641717894501,188174,"https://open.spotify.com/track/2cOUlop2ZakjOKe4WinesN"
"no tears left to cry","Ariana Grande",0.318181818181818,"2018-08-17","Pop",0.640522875816993,0.704903959652323,0.818181818181818,0.750953912111468,0,0.0430081691494474,0.0414245529618634,0.290172432032159,0.337698583082868,0.416919888535701,205920,"https://open.spotify.com/track/2qT1uLXPVPzGgFOx4jtEuo"
"wolves","Selena Gomez",0.272727272727273,"2017-10-25","Pop",0.673202614379085,0.802553922094645,1,0.789239013933548,0,0.0254685247477174,0.128473566530732,0.194964561514863,0.286174323744096,0.437882458375926,197993,"https://open.spotify.com/track/0tBbt8CrmxbjRP0pueQkyU"
"hey there delilah","Plain White T's",0.181818181818182,"2005-01-01","Pop",0.58562091503268,0.252065672282434,0.181818181818182,0.533804930332262,1,0.00684766938971648,0.903624306405895,0.0997566909975669,0.277586947187634,0.290752384019716,232533,"https://open.spotify.com/track/4RCWB3V8V0dignt99LZ8vH"
"umbrella","Rihanna",0.181818181818182,"2008-06-02","Pop",0.488888888888889,0.829380834853525,0.0909090909090909,0.789710610932476,1,0.132628543969246,0.00892625456281913,0.024225113720512,0.574924860455131,0.781244311259855,275987,"https://open.spotify.com/track/49FYlytm3dAAraYgpoJZux"
"all star","Smash Mouth",0.136363636363636,"1999-01-01","Pop",0.682352941176471,0.870157742247022,1,0.73491961414791,1,0.0100913022585296,0.0409064040715725,0.0702422511372051,0.790682696436239,0.291074454231022,200373,"https://open.spotify.com/track/3cfOd4CMv2snFaKAnMdnvK"
"lie to me (feat. julia michaels)","5 Seconds of Summer",0.0454545454545454,"2018-12-21","Pop",0.525490196078432,0.497800193153772,0,0.753612004287245,1,0.0132148005766458,0.013651772442272,0.0902359039458373,0.78531558608845,0.68251578844188,149878,"https://open.spotify.com/track/6GzApXoBQiiAjak3tOQfV3"
"shut up and dance","WALK THE MOON",0.272727272727273,"2014-12-02","Pop",0.482352941176471,0.869084665736667,0.0909090909090909,0.823965702036441,1,0.0460115329168669,0.00723708918047084,0.251031418597271,0.622155431515672,0.459244115217117,199080,"https://open.spotify.com/track/0kzw2tRyuL9rzipi5ntlIy"
"bad day","Daniel Powter",0,"2005-02-22","Pop",0.509803921568627,0.782165468397897,0.272727272727273,0.815005359056806,1,0.00876982220086497,0.464234047439225,0.138897704432455,0.515886646629455,0.543318443420666,233640,"https://open.spotify.com/track/0mUyMawtxj1CJ76kn9gIZK"
"i want it that way","Backstreet Boys",0,"2001-10-23","Pop",0.627450980392157,0.693100118038416,0.545454545454545,0.745166130760986,0,0.00300336376741952,0.223812962344255,0.147360626256215,0.477243452125376,0.256150840883313,213600,"https://open.spotify.com/track/6e40mgJiCid5HRAGrbpGA6"
"somebody that i used to know","Gotye",0.0454545454545454,"2011-01-01","Pop",0.857516339869281,0.498873269664127,0,0.689860664523044,1,0.0162181643440654,0.567863825497402,0.0837829260552206,0.760626878488622,0.466392673602845,244885,"https://open.spotify.com/track/1qDrWA6lyx8cLECdZE7TV7"
"best day of my life","American Authors",0,"2014-01-01","Pop",0.606535947712418,0.907715420109454,0.181818181818182,0.884501607717042,1,0.0132148005766458,0.0612178405709752,0.0381889347297154,0.535208243881494,0.263019338215731,194240,"https://open.spotify.com/track/5Hroj5K7vLpIG4FNCRIjbP"
"take me to church","Hozier",0.181818181818182,"2014-07-20","Pop",0.466666666666667,0.652323210644919,0.363636363636364,0.759699892818864,0,0.0273906775588659,0.656985434627434,0.101872421453507,0.426792614856161,0.465594499600913,241688,"https://open.spotify.com/track/3dYD57lRAUcMHufyqn9GcI"
"wrong direction","Hailee Steinfeld",0.136363636363636,"2020-01-01","Pop",0.220915032679739,0.356154093786887,0.909090909090909,0.600471596998928,1,0.0148966842864008,0.489105194173188,0.145244895800275,0.159510519536282,0.0689440297984961,248987,"https://open.spotify.com/track/7GCVboEDzfL3NKp1NrAgHR"
"7 rings","Ariana Grande",0.636363636363636,"2019-02-08","Pop",0.743790849673203,0.279965661551669,0.0909090909090909,0.526945337620579,0,0.372897645362806,0.613460927843,0.072357981593145,0.308716187204809,0.543332446473331,178627,"https://open.spotify.com/track/6ocbgoVGwYJhOv1GgI9NsF"
"without me","Halsey",0.545454545454545,"2018-10-04","Pop",0.709803921568628,0.463461744822406,0.545454545454545,0.684801714898178,1,0.05634310427679,0.307753082571378,0.0781762403469798,0.529841133533706,0.51527733045804,201661,"https://open.spotify.com/track/5p7ujcrUXASCNwRaWNHR1C"
"2002","Anne-Marie",0.318181818181818,"2018-04-27","Pop",0.637908496732026,0.672711664341668,0.0909090909090909,0.863536977491961,0,0.112205670350793,0.0385229191762345,0.124087591240876,0.604980678402748,0.23586041757103,186987,"https://open.spotify.com/track/2BgEsaKNfHUdlh97KmvFyo"
"you need to calm down","Taylor Swift",0.454545454545455,"2019-08-23","Pop",0.734640522875817,0.659834746217405,0.181818181818182,0.746237942122186,1,0.0380826525708794,0.00959984812019728,0.0465460700306781,0.724130528123658,0.158094464593281,171360,"https://open.spotify.com/track/6RRNNciQGZEXnqk8SQ9yv5"
"woman like me (feat. nicki minaj)","Little Mix",0,"2018-11-16","Pop",0.712418300653595,0.856207747612405,0.454545454545455,0.839185423365488,0,0.0446900528592023,0.183397348901566,0.0646355654289644,0.816444826105625,0.0879111646338901,229720,"https://open.spotify.com/track/222B3aljXx6fFwKmFjuBED"
"hate me (with juice wrld)","Ellie Goulding",0.545454545454545,"2019-06-26","Pop",0.58562091503268,0.763923167721859,0.727272727272727,0.788638799571275,1,0.0325564632388275,0.111892802041424,0.131492647836666,0.772434521253757,0.0880721997395433,186223,"https://open.spotify.com/track/6kls8cSlUyHW2BUOkDJIZE"
"i like me better","Lauv",0.318181818181818,"2017-05-19","Pop",0.709803921568628,0.481704045498444,0.818181818181818,0.66032154340836,1,0.275588659298414,0.554391954349839,0.0891780387178674,0.407471017604122,0.206713063447832,197437,"https://open.spotify.com/track/1wjzFQodRWrPcQ0AnYnvQ9"
"mine","Bazzi",0.227272727272728,"2018-04-12","Pop",0.654901960784314,0.786457774439318,0.363636363636364,0.82096463022508,1,0.0583853916386353,0.0166570360059591,0.456257272823442,0.727350794332331,0.563503843837957,131064,"https://open.spotify.com/track/7uzmGiiJyRfuViKKK3lVmR"
"baby","Justin Bieber",0,"2010-01-01","Pop",0.67843137254902,0.862646206674536,0.454545454545455,0.762529474812433,0,0.136232580490149,0.0415281827399216,0.0965830953136571,0.531987977672821,0.0181829638861272,214240,"https://open.spotify.com/track/6epn3r7S14KUqlReYr77hA"
"drip too hard (lil baby & gunna)","Lil Baby",0.363636363636364,"2018-10-05","Pop",0.899346405228758,0.650177057624209,0.0909090909090909,0.691103965702036,0,0.322441134070159,0.0882652126441594,0.544060086744949,0.375268355517389,0.350531415848655,145543,"https://open.spotify.com/track/78QR3Wp35dqAhFEc2qAGjE"
"zeze","Kodak Black",0.318181818181818,"2018-12-14","Pop",0.852287581699346,0.586865543513253,0.727272727272727,0.738906752411576,0,0.183085055261893,0.0539637561069028,0.0769068020734159,0.498711893516531,0.249233332866565,228760,"https://open.spotify.com/track/0FZ4Dmg8jJJAPJnvBIzD9z"
"swervin (feat. 6ix9ine)","A Boogie Wit da Hoodie",0.409090909090909,"2018-12-21","Pop",0.486274509803922,0.650177057624209,0.818181818181818,0.762443729903537,1,0.335655934646804,0.0158279977814937,0.0965830953136571,0.423572348647488,0.214085670676207,189487,"https://open.spotify.com/track/1wJRveJZLSb1rjhnUHQiv6"
"better now","Post Malone",0.5,"2018-04-27","Pop",0.615686274509804,0.560038630754373,0.909090909090909,0.738220793140407,1,0.019702066314272,0.342987207111158,0.121971860784936,0.323744096178617,0.578270062873707,231267,"https://open.spotify.com/track/7dt6x5M1jzdTEt8oCbisTK"
"thotiana","Blueface",0.0909090909090908,"2018-12-18","Pop",0.911111111111111,0.349715634724756,0.909090909090909,0.434426580921758,0,0.294810187409899,0.186506242243311,0.098698825769597,0.377415199656505,0.291116463389019,129264,"https://open.spotify.com/track/3oh6SCCeLuXhFpEyepla6G"
"a lot","21 Savage",0.227272727272728,"2018-12-21","Pop",0.820915032679739,0.622277068354974,0.0909090909090909,0.659378349410504,1,0.074963959634791,0.0409064040715725,0.340949962974717,0.251824817518248,0.584809488468486,288624,"https://open.spotify.com/track/2t8yVaLvJ0RenpXUIAC52d"
"please me","Cardi B",0.136363636363636,"2019-02-15","Pop",0.703267973856209,0.551454018671531,0.0909090909090909,0.699335476956056,1,0.0689572320999519,0.0665029592519422,0.0671744419760923,0.655431515671962,0.500931203002254,200890,"https://open.spotify.com/track/0PG9fbaaHFHfre2gUVo7AN"
"look back at it","A Boogie Wit da Hoodie",0.227272727272728,"2018-12-21","Pop",0.76078431372549,0.569696319347569,0.272727272727273,0.769474812433012,0,0.0212638154733301,0.421745838435373,0.135724108748545,0.533061399742379,0.235328301569742,179449,"https://open.spotify.com/track/3Ol2xnObFdKV9pmRD2t9x8"
"sicko mode","Travis Scott",0.5,"2018-08-03","Pop",0.816993464052288,0.723146260328361,0.727272727272727,0.827824222936763,1,0.238346948582412,0.00528884935297712,0.110335343277266,0.436453413482181,0.64807528041113,312820,"https://open.spotify.com/track/2xLMifQCjDGFmkHkpNLD9h"
"going bad (feat. drake)","Meek Mill",0.409090909090909,"2018-11-30","Pop",0.888888888888889,0.472046356905247,0.363636363636364,0.71416934619507,0,0.0803700144161461,0.268373766909271,0.245742092457421,0.541648776298841,0.164934955820369,180522,"https://open.spotify.com/track/2IRZnDFmlqMuOrYOLnZZyc"
"adan y eva","Paulo Londra",0.136363636363636,"2018-11-05","Pop",0.729411764705882,0.700611653610902,0.0909090909090909,0.795412647374062,1,0.375300336376742,0.334696824866504,0.0506717444197609,0.730571060541005,0.766996205172728,258639,"https://open.spotify.com/track/6FyRXC8tJUh863JCkyWqtk"
"thnks fr th mmrs","Fall Out Boy",0,"2007-01-01","Pop",0.326797385620915,0.895911578495547,0.909090909090909,0.770246516613076,0,0.046492071119654,0.00526812339736548,0.0912937691738073,0.588879347359382,0.646878019408231,203507,"https://open.spotify.com/track/3Zwu2K0Qa5sT6teCCHPShP"
"viva la vida","Coldplay",0.0909090909090908,"2008-05-26","Pop",0.36078431372549,0.604034767678936,0.454545454545455,0.682015005359057,0,0.00636713118692936,0.0974882628913371,0.0944673648577171,0.404250751395449,0.529112346491535,242373,"https://open.spotify.com/track/1mea3bSkSGXuIRvnydlB5b"
"maps","Maroon 5",0,"2015-05-15","Pop",0.696732026143791,0.704903959652323,0.0909090909090909,0.750310825294748,0,0.00804901489668429,0.0212167462405189,0.0415741034592193,0.901245169600687,0.403189895397197,189960,"https://open.spotify.com/track/4gbVRS8gloEluzf0GzDOFc"
"you're gonna go far, kid","The Offspring",0.0454545454545454,"2008-06-17","Pop",0.445751633986928,0.923811567764782,0,0.851618435155413,1,0.0482940893801057,0.00440799623948261,0.187559504919073,0.602833834263632,0.445780180079257,177827,"https://open.spotify.com/track/6TfBA04WJ3X1d1wXhaCFVT"
"basket case","Green Day",0.136363636363636,"1994-02-01","Pop",0.304575163398693,0.951711557034017,0.272727272727273,0.849646302250804,1,0.0439692455550216,0.00300899423569722,0.0754257907542579,0.796049806784027,0.158360522593925,181533,"https://open.spotify.com/track/6L89mwZXSOwYl76YXfX13s"
"low (feat. t-pain)","Flo Rida",0.136363636363636,"2008-03-17","Pop",0.926797385620915,0.593304002575384,0.909090909090909,0.745251875669882,0,0.0666746756367131,0.0961410757765808,0.126203321696816,0.284027479604981,0.459034069427135,231400,"https://open.spotify.com/track/0CAfXk7DXMnon4gLudAp7J"
"american idiot","Green Day",0.0909090909090908,"2004-09-21","Pop",0.223529411764706,1,0.0909090909090909,0.899506966773848,1,0.0484142239308025,0,0.368454458901936,0.783168741949335,0.865857756991024,176346,"https://open.spotify.com/track/6nTiIhLmQ3FWhvrGafw2zj"
"centuries","Fall Out Boy",0.136363636363636,"2015-01-20","Pop",0.241830065359477,0.860500053653826,0.363636363636364,0.864094319399786,0,0.0592263334935127,0.00369295077088119,0.0870623082619274,0.558823529411765,0.79535938834666,228360,"https://open.spotify.com/track/04aAxqtGp5pv12UXAg4pkq"
"youngblood","5 Seconds of Summer",0.363636363636364,"2018-06-15","Pop",0.505882352941176,0.856207747612405,0.636363636363636,0.767802786709539,0,0.527871215761653,0.0174860742304245,0.110335343277266,0.120867325032203,0.40488426476972,203418,"https://open.spotify.com/track/2iUXsYOEPhVqEBwsqP70rE"
"immigrant song - remaster","Led Zeppelin",0.0454545454545454,"1970","Pop",0.464052287581699,0.93990771542011,1,0.555412647374062,1,0.0382027871215762,0.0134445128861556,0.348355019570507,0.622155431515672,0.353514066066402,146250,"https://open.spotify.com/track/78lgmZwycJ3nzsdgmPPGNx"
"ride","Twenty One Pilots",0.227272727272728,"2015-05-15","Pop",0.569934640522876,0.704903959652323,0.545454545454545,0.757470525187567,1,0.0188611244593945,0.00862572820645041,0.098698825769597,0.565264061829111,0.0878201447915646,214507,"https://open.spotify.com/track/2Z8WuEywRWYTKe1NybPQEW"
"whatever it takes","Imagine Dragons",0.227272727272728,"2017-06-23","Pop",0.605228758169935,0.642665522051722,0.909090909090909,0.771789924973205,0,0.00901009130225853,0.0374866213956527,0.102930286681477,0.554529841133534,0.507603657597356,201240,"https://open.spotify.com/track/6Qn5zhYkTa37e91HC1D7lb"
"fortunate son","Creedence Clearwater Revival",0.181818181818182,"1969-11-02","Pop",0.563398692810458,0.651250134134564,0,0.664823151125402,1,0.0165785679961557,0.208268495635528,0.139955569660425,0.669386002576213,0.492375337823646,140773,"https://open.spotify.com/track/4BP3uh0hFLFRb5cjsgLqDh"
"thunderstruck","AC/DC",0.227272727272728,"1990-09-24","Pop",0.381699346405229,0.893765425474837,0.363636363636364,0.76518756698821,1,0.0153772224891879,0.000124977512338161,0.208716809478472,0.233576642335766,0.497619481046868,292880,"https://open.spotify.com/track/57bgtoPSgt236HzfBOd8kj"
"more than a feeling","Boston",0.0909090909090908,"1976","Pop",0.219607843137255,0.671638587831312,0.636363636363636,0.642400857449089,1,0.00756847669389716,0.000899091954432743,0.0324764624986777,0.266852726492057,0.324100653942559,285133,"https://open.spotify.com/track/1QEEqeFIZktqIpPI4jSVSF"
"beat it - single version","Michael Jackson",0.0454545454545454,"1982-11-30","Pop",0.745098039215687,0.870157742247022,0.272727272727273,0.828252947481243,0,0.0265497357039885,0.0508548627651575,0.187559504919073,0.939888364104766,0.53500063013737,258040,"https://open.spotify.com/track/1OOtq8tRnDM8kG2gqUPjAj"
"losing my religion","R.E.M.",0.227272727272728,"1991-03-12","Pop",0.597385620915033,0.85728082412276,0.818181818181818,0.770503751339764,0,0.00708793849111004,0.185469944462729,0.0835713530096266,0.819665092314298,0.442447453544873,268427,"https://open.spotify.com/track/31AOj9sFz2gM0O3hMARRBx"
"back in black","AC/DC",0.318181818181818,"1980-07-25","Pop",0.13202614379085,0.690953965017706,0.818181818181818,0.743622722400857,1,0.0281114848630466,0.0113719173249921,0.0667512958849043,0.776728209531988,0.881772226345343,255493,"https://open.spotify.com/track/08mG3Y1vljYA6bvDt4Wqkj"
"gangsta's paradise","Coolio",0.181818181818182,"1995-11-07","Pop",0.572549019607843,0.491361734091641,0.727272727272727,0.556184351554126,1,0.0428880345987506,0.0678501463666985,0.400190415741035,0.373121511378274,0.122722753560276,240693,"https://open.spotify.com/track/7lQWRAjyhTpCWFC0jmclT4"
"water fountain","Alec Benjamin",0.0909090909090908,"2018-11-16","Pop",0.671895424836601,0.480630968988089,0.727272727272727,0.748167202572347,1,0.0187409899086977,0.402056180604319,0.0711943298423781,0.549162730785745,0.500812177054598,218893,"https://open.spotify.com/track/4IhKLu7Vk3j2TLmnFPl6To"
"graduation (with juice wrld)","benny blanco",0.272727272727273,"2019-08-30","Pop",0.682352941176471,0.637300139499946,0,0.76042872454448,1,0.297212878423835,0.110856504260842,0.110335343277266,0.607127522541863,0.64779521935782,177847,"https://open.spotify.com/track/6cjSh516BbrNUs213jDAGm"
"mean it","Lauv",0.409090909090909,"2019-11-14","Pop",0.701960784313725,0.422684837428909,0.636363636363636,0.620793140407288,1,0.0764055742431523,0.0421499614082706,0.161112874219824,0.318376985830829,0.234915211516111,232853,"https://open.spotify.com/track/3GRSqlALWISqLeNncZMbpX"
"bad romance","Lady Gaga",0.0909090909090908,"2009-11-05","Pop",0.636601307189542,0.928103873806203,0,0.826066452304394,1,0.0152570879384911,0.0032266167696194,0.0682323072040622,0.724130528123658,0.395971321748141,294573,"https://open.spotify.com/track/0SiywuOBRcynK0uKGWdCnn"
"i knew you were trouble.","Taylor Swift",0,"2012-10-21","Pop",0.539869281045752,0.443073291125657,0.272727272727273,0.695605573419078,0,0.0152570879384911,0.00467743366243387,0.0145985401459854,0.686560755689137,0.102033243247028,219720,"https://open.spotify.com/track/6FB3v4YcR57y4tXFcdxI1E"
"oops!...i did it again","Britney Spears",0,"2000-05-16","Pop",0.708496732026144,0.834746217405301,0.0909090909090909,0.753654876741693,0,0.0241470446900529,0.310861975913123,0.354702210938326,0.917346500644053,0.228298769131671,211160,"https://open.spotify.com/track/6naxalmIoLFWR0siv8dnQQ"
"a thousand miles","Vanessa Carlton",0,"2002-04-30","Pop",0.458823529411765,0.825088528812104,1,0.821479099678456,1,0.0171792407496396,0.334696824866504,0.149476356712155,0.245384285100902,0.227444582919076,237493,"https://open.spotify.com/track/4w1lzcaoZ1IC2K5TwjalRP"
"fight song","Rachel Platten",0.136363636363636,"2016-01-01","Pop",0.464052287581699,0.705977036162678,0.636363636363636,0.773247588424437,1,0.126621816434407,0.0568653898925318,0.143129165344335,0.311936453413482,0.794519205186731,204013,"https://open.spotify.com/track/37f4ITSlgPX81ad2EvmVQr"
"what makes you beautiful","One Direction",0.0909090909090908,"2012-05-25","Pop",0.675816993464052,0.784311621418607,0.363636363636364,0.880128617363344,1,0.0603075444497838,0.00929932176382856,0.0422088225960013,0.910905968226707,0.437896461428592,199987,"https://open.spotify.com/track/4cluDES4hQEUhmXj6TXkSo"
"fireflies","Owl City",0.0909090909090908,"2009-01-01","Pop",0.397385620915033,0.649103981113854,0.272727272727273,0.695519828510182,1,0.0243873137914464,0.0283672009265331,0.103988151909447,0.452554744525548,0.823883606626244,228347,"https://open.spotify.com/track/3DamFFqW32WihKkTVlwTYQ"
"beautiful girls","Sean Kingston",0.0454545454545454,"2007-07-23","Pop",0.722875816993464,0.649103981113854,0.0909090909090909,0.726602357984995,0,0.0541806823642479,0.155417308825858,0.249973553369301,0.783168741949335,0.473044123618949,225373,"https://open.spotify.com/track/1hGy2eLcmC8eKx7qr1tOqx"
"stereo hearts (feat. adam levine)","Gym Class Heroes",0.0454545454545454,"2011-11-11","Pop",0.571241830065359,0.792896233501449,0.818181818181818,0.845873526259378,1,0.0888995675156175,0.0330305409391511,0.26161007087697,0.812151137827394,0.192850041309005,210960,"https://open.spotify.com/track/0qOnSQQF0yzuPWsXrQ9paz"
"she will be loved - radio mix","Maroon 5",0.181818181818182,"2002","Pop",0.577777777777778,0.651250134134564,0,0.748295819935691,0,0.00540605478135512,0.236248535711236,0.0843118586692056,0.456848432803778,0.276938372565219,259453,"https://open.spotify.com/track/4llK75pXNWZz6KAho2Gp16"
"take on me","a-ha",0.318181818181818,"1985-06-01","Pop",0.475816993464052,0.907715420109454,0.545454545454545,0.659592711682744,0,0.0365209034118212,0.0186260017890645,0.0773299481646038,0.898024903392014,0.153795527424979,225280,"https://open.spotify.com/track/2WfaOiMkCvy7F5fcp2zZ8L"
"sweet dreams (are made of this) - remastered","Eurythmics",0.227272727272728,"1983-01-21","Pop",0.631372549019608,0.702757806631613,0,0.665594855305466,0,0.00973089860643921,0.235212237930654,0.106103882365387,0.896951481322456,0.438918684273172,216933,"https://open.spotify.com/track/1TfqLAPs4K3s2rJMoCokcS"
"this is america","Childish Gambino",0,"2018-05-06","Pop",0.843137254901961,0.436634832063526,0.454545454545455,0.723001071811361,1,0.136232580490149,0.12121948206666,0.353644345710357,0.547015886646629,0.403133883186535,225773,"https://open.spotify.com/track/0b9oOr2ZgvyQu88wzixux9"
"hymn for the weekend","Coldplay",0.0454545454545454,"2015-12-04","Pop",0.367320261437908,0.737096254962979,0,0.76604501607717,0,0.020783277270543,0.264228575786944,0.296519623399979,0.347359381708888,0.192738016887682,258827,"https://open.spotify.com/track/3RiPr603aXAoi4GHyXx0uy"
"i feel it coming","The Weeknd",0.181818181818182,"2016-11-25","Pop",0.737254901960784,0.818650069749973,0,0.732132904608789,0,0.113407015857761,0.441435496266426,0.0509891039881519,0.585659081150708,0.213854620307227,269187,"https://open.spotify.com/track/3dhjNA0jGA8vHBQ1VdD6vV"
"stressed out","Twenty One Pilots",0.318181818181818,"2015-05-15","Pop",0.686274509803922,0.623350144865329,0.363636363636364,0.743665594855305,0,0.14103796251802,0.0478495992014704,0.0428435417327832,0.653284671532847,0.752881128085923,202333,"https://open.spotify.com/track/3CRDbSIZ4r5MsZ0YwxuEkn"
"idgaf","Dua Lipa",0.272727272727273,"2017-06-02","Pop",0.819607843137255,0.523554029402296,0.636363636363636,0.730889603429796,1,0.0849351273426237,0.0417354422960379,0.0663281497937163,0.505152425933877,0.242126783638833,217947,"https://open.spotify.com/track/76cy1WJvNGJTj78UqeA5zr"
"drag me down","One Direction",0,"2015-11-13","Pop",0.681045751633987,0.694173194548771,0,0.743879957127546,0,0.0159778952426718,0.112929099822005,0.048661800486618,0.596393301846286,0.529784493019478,192120,"https://open.spotify.com/track/2K87XMYnUMqLcX3zvtAF4G"
"big plans","Why Don't We",0.181818181818182,"2019-01-17","Pop",0.632679738562091,0.587938620023608,1,0.760728831725616,1,0.0229456991830851,0.0691973334814548,0.0997566909975669,0.65650493774152,0.0879951829498831,179930,"https://open.spotify.com/track/3eng6TJxpqjvDkxRpnfnhB"
"that's what i like","Bruno Mars",0.272727272727273,"2016-11-17","Pop",0.841830065359477,0.54072325356798,0.0909090909090909,0.774362272240086,1,0.0204228736184527,0.0134445128861556,0.0790225325293558,0.88085015027909,0.501449315950877,206693,"https://open.spotify.com/track/0KKkJNfGyhkQ5aFogxQAPU"
"high hopes","Panic! At The Disco",0.454545454545455,"2018-06-22","Pop",0.483660130718954,0.909861573130164,0.454545454545455,0.87005359056806,1,0.0458913983661701,0.199978113390874,0.0468634295990691,0.688707599828253,0.137005867279067,190947,"https://open.spotify.com/track/1rqqCSm0Qe4I9rUvWncaom"
"young dumb & broke","Khalid",0.318181818181818,"2017-04-27","Pop",0.769934640522876,0.518188646850521,0.0909090909090909,0.714769560557342,1,0.0222248918789044,0.206195900074365,0.153707817624035,0.380635465865178,0.521634716368168,202547,"https://open.spotify.com/track/5Z3GHaZ6ec9bsiI5BenrbY"
"nasa","Ariana Grande",0,"2019-02-08","Pop",0.703267973856209,0.43126944951175,0.545454545454545,0.691618435155413,1,0.335655934646804,0.467342940780971,0.245742092457421,0.462215543151567,0.0881002058448742,182000,"https://open.spotify.com/track/4uTvPEr01pjTbZgl7jcKBD"
"break up with your girlfriend, i'm bored","Ariana Grande",0.363636363636364,"2019-02-08","Pop",0.675816993464052,0.534284794505848,0.454545454545455,0.760257234726688,0,0.0818116290245074,0.0436007783010851,0.0912937691738073,0.317303563761271,0.753035161665243,190440,"https://open.spotify.com/track/4kV4N9D1iKVxx1KLvtTpjS"
"imagine","Ariana Grande",0,"2019-02-08","Pop",0.679738562091503,0.449511750187788,0.727272727272727,0.773333333333333,1,0.0153772224891879,0.391693202798501,0.106103882365387,0.35594675826535,0.000518112948622862,212267,"https://open.spotify.com/track/39LmTF9RgyakzSYX8txrow"
"this love","Maroon 5",0,"2002","Pop",0.657516339869281,0.864792359695246,0.454545454545455,0.789324758842444,0,0.0170591061989428,0.0543782752191355,0.0775415212101978,0.826105624731645,0.228284766079005,206200,"https://open.spotify.com/track/6ECp64rv50XVz93WvxXMGF"
"starboy","The Weeknd",0.363636363636364,"2016-11-25","Pop",0.613071895424837,0.570769395857925,0.636363636363636,0.686302250803859,1,0.303219605958674,0.146090628800622,0.124087591240876,0.479390296264491,0.865101592147088,230453,"https://open.spotify.com/track/7MXVkk9YMctZqd1Srtv4MB"
"happy - from ""despicable me 2""","Pharrell Williams",0.136363636363636,"2014-03-03","Pop",0.572549019607843,0.821869299281039,0.454545454545455,0.787181136120043,0,0.191494473810668,0.226921855686,0.0752142177086639,0.99033920137398,0.683159928864493,232720,"https://open.spotify.com/track/60nZcImufyMA1MKQY3dcCH"
"they don't know about us","One Direction",0.0454545454545454,"2012-11-09","Pop",0.396078431372549,0.748900096576886,0,0.728488745980707,1,0.037722248918789,0.139872842117132,0.072357981593145,0.318376985830829,0.598238415974683,201693,"https://open.spotify.com/track/72C7aUQECOhNtnD0AC36ua"
"hall of fame","The Script",0.0909090909090908,"2012-09-07","Pop",0.277124183006536,0.876596201309153,0.909090909090909,0.80085744908896,1,0.0395242671792407,0.0676428868105822,0.109277478049297,0.633963074280807,0.15653312422108,202533,"https://open.spotify.com/track/7wMq5n8mYSKlQIGECKUgTX"
"can't hold us - feat. ray dalton","Macklemore & Ryan Lewis",0.318181818181818,"2012-10-09","Pop",0.564705882352941,0.929176950316558,0.181818181818182,0.795969989281886,1,0.0660740028832292,0.0301289071535221,0.0703480376600021,0.866895663374839,0.585551650259757,258343,"https://open.spotify.com/track/3bidbhpOYeV4knp8AIu8Xn"
"me, myself & i","G-Eazy",0.0454545454545454,"2015-12-04","Pop",0.716339869281046,0.660907822727761,0,0.707352625937835,0,0.0863767419509851,0.0192477804574135,0.146302761028245,0.367754401030485,0.346925629787294,251467,"https://open.spotify.com/track/40YcuQysJ0KlGQTeGUosTC"
"whistle","Flo Rida",0,"2012-06-22","Pop",0.703267973856209,0.945273097971886,0,0.740707395498392,1,0.0260691975012013,0.0215276355746934,0.285940971120279,0.750966079862602,0.290773388598715,224653,"https://open.spotify.com/track/3bC1ahPIYt1btJzSSEyyrF"
"despacito","Luis Fonsi",0.136363636363636,"2019-02-01","Pop",0.583006535947713,0.795042386522159,0.181818181818182,0.781822079314041,1,0.155454108601634,0.205159602293783,0.050037025282979,0.858308286818377,0.808550263957543,229360,"https://open.spotify.com/track/6habFhsOp2NvshLv26DqMb"
"mistletoe","Justin Bieber",0.363636363636364,"2011-01-01","Pop",0.586928104575164,0.54072325356798,0.545454545454545,0.599099678456592,0,0.0277510812109563,0.516048936468314,0.0631545541098064,0.874409617861743,0.696987943371655,182947,"https://open.spotify.com/track/7xapw9Oy21WpfEcib2ErSA"
"boyfriend (with social house)","Ariana Grande",0.363636363636364,"2019-08-02","Pop",0.249673202614379,0.792896233501449,0.909090909090909,0.827095391211147,0,0.525468524747717,0.123292077627823,0.147360626256215,0.711249463288965,0.893751837900662,186107,"https://open.spotify.com/track/0Ryd8975WihbObpp5cPW1t"
"side to side","Ariana Grande",0.136363636363636,"2016-05-20","Pop",0.576470588235294,0.729584719390493,0.545454545454545,0.736677384780279,0,0.246756367131187,0.0531347178824374,0.227758383581932,0.614641477028768,0.677243639113327,226160,"https://open.spotify.com/track/1pKeFVVUOPjFsOABub0OaV"
"roar","Katy Perry",0.0454545454545454,"2013-01-01","Pop",0.450980392156863,0.768215473763279,0.636363636363636,0.780364415862808,0,0.021864488226814,0.00501941193002586,0.353644345710357,0.446114212108201,0.822945402097657,223546,"https://open.spotify.com/track/6F5c58TMEs1byxUstkzVeM"
"just the way you are","Bruno Mars",0.181818181818182,"2010-10-05","Pop",0.559477124183007,0.844403905998498,0.454545454545455,0.754983922829582,1,0.023546371936569,0.0156207382253774,0.0718290489791601,0.423572348647488,0.326033075210396,220733,"https://open.spotify.com/track/7BqBn9nzAq8spo5e7cZ0dJ"
"want to want me","Jason Derulo",0,"2015-05-29","Pop",0.739869281045752,0.669492434810602,0,0.75091103965702,0,0.0472128784238347,0.00936149963066347,0.0944673648577171,0.661872048089309,0.361131726716424,207719,"https://open.spotify.com/track/7oGZAicScQt96OAW4AruYy"
"can't feel my face","The Weeknd",0.181818181818182,"2015-08-28","Pop",0.648366013071895,0.764996244232214,0.818181818181818,0.750139335476956,0,0.0228255646323883,0.116037993163751,0.0902359039458373,0.591026191498497,0.318520437455365,213520,"https://open.spotify.com/track/22VdIZQfgXJea34mQxlt81"
"raise your glass","P!nk",0,"2010-10-05","Pop",0.641830065359477,0.700611653610902,0.636363636363636,0.772433011789925,1,0.0724411340701586,0.00494687108538513,0.0097323600973236,0.628595963933019,0.417101928220352,202960,"https://open.spotify.com/track/1gv4xPanImH17bKZ9rOveR"
"electric feel","MGMT",0.0454545454545454,"2007-12-14","Pop",0.724183006535948,0.805773151625711,0.0909090909090909,0.827824222936763,1,0.013695338779433,0.073964303272131,0.347297154342537,0.557750107342207,0.284205956898604,229640,"https://open.spotify.com/track/3FtYbEfBqAlGO46NUDQSAt"
"starving","Hailee Steinfeld",0.0454545454545454,"2016-07-22","Pop",0.679738562091503,0.599742461637515,0.363636363636364,0.805359056806002,1,0.0493753003363767,0.391693202798501,0.0902359039458373,0.503005581794762,0.262858303110078,181880,"https://open.spotify.com/track/4Ce37cRWvM1vIGGynKcs22"
"it ain't me (with selena gomez)","Kygo",0.0909090909090908,"2017-02-16","Pop",0.563398692810458,0.511750187788389,0,0.704265809217578,1,0.0564632388274868,0.123292077627823,0.0705596107055961,0.510519536281666,0.26271127105709,220781,"https://open.spotify.com/track/3eR23VReFzcdmS7TYCrhCe"
"wild ones (feat. sia)","Flo Rida",0,"2012-06-22","Pop",0.52156862745098,0.862646206674536,0.454545454545455,0.758799571275455,0,0.0382027871215762,0.102669751794246,0.256320744737121,0.426792614856161,0.452501645358688,232947,"https://open.spotify.com/track/1NpW5kyvO4XrNJ3rnfcNy3"
"locked out of heaven","Bruno Mars",0.0909090909090908,"2012-12-07","Pop",0.675816993464052,0.688807811996995,0.454545454545455,0.808488745980707,1,0.0234262373858722,0.0507512329870993,0.306040410451708,0.888364104765994,0.570960469382325,233478,"https://open.spotify.com/track/3w3y8KPTfNeOKPiqUTakBh"
"sugar (feat. francesco yates)","Robin Schulz",0,"2015-09-25","Pop",0.558169934640523,0.814357763708553,0.454545454545455,0.768488745980707,0,0.0414464199903892,0.0191441506793554,0.151592087168095,0.640403606698154,0.424411521711733,219043,"https://open.spotify.com/track/5tf1VVWniHgryyumXyJM7w"
"summer","Calvin Harris",0.136363636363636,"2014-10-31","Pop",0.505882352941176,0.858353900633115,0.363636363636364,0.83459807073955,0,0.0132148005766458,0.021838524908868,0.128319052152756,0.755259768140833,0.458620979373503,222533,"https://open.spotify.com/track/6YUTL4dYpB9xZO5qExPf05"
"where are ü now (with justin bieber)","Jack Ü",0,"2015-02-24","Pop",0.291503267973856,0.777873162356476,0.363636363636364,0.813933547695606,0,0.0397645362806343,0.0424608507424452,0.0626256214958214,0.169171318162301,0.539019506252363,250286,"https://open.spotify.com/track/66hayvUbTotekKU3H4ta1f"
"breathin","Ariana Grande",0.0909090909090908,"2018-08-17","Pop",0.469281045751634,0.643738598562078,0.727272727272727,0.754983922829582,1,0.0236665064872657,0.021838524908868,0.204485348566593,0.348432803778446,0.263278394690043,198160,"https://open.spotify.com/track/4OafepJy2teCjYJbvFE60J"
"eastside (with halsey & khalid)","benny blanco",0.363636363636364,"2018-07-12","Pop",0.458823529411765,0.669492434810602,0.545454545454545,0.659163987138264,0,0.357280153772225,0.575117909961475,0.101872421453507,0.300128810648347,0.188656127035694,173800,"https://open.spotify.com/track/0d2iYfpKoM0QCKvcLCkBao"
"close to me (with diplo) (feat. swae lee)","Ellie Goulding",0.272727272727273,"2018-10-24","Pop",0.477124183006536,0.753192402618307,0.0909090909090909,0.77144694533762,0,0.0462518020182604,0.100389896676966,0.397016820057125,0.485830828681838,0.571779647963256,182623,"https://open.spotify.com/track/5JEx7HbmvHQQswJCsoo9rA"
"i'm so tired...","Lauv",0.318181818181818,"2019-01-24","Pop",0.509803921568627,0.726365489859427,1,0.684458735262594,1,0.215521383950024,0.182361051120984,0.235163440177721,0.530914555603263,0.278415694621427,162583,"https://open.spotify.com/track/7COXchtUOMd6uIT6HvmRaI"
"chlorine","Twenty One Pilots",0.136363636363636,"2018-10-05","Pop",0.522875816993464,0.663053975748471,0.909090909090909,0.670310825294748,0,0.0374819798173955,0.0761405286113527,0.344123558658627,0.295835122370116,0.192983070309327,324467,"https://open.spotify.com/track/23OXdR7YuUBVWh5hSnYJau"
"beautiful (feat. camila cabello)","Bazzi",0.227272727272728,"2018-08-02","Pop",0.56078431372549,0.709196265693744,0.181818181818182,0.784608788853162,1,0.0121335896203748,0.358531673819885,0.0902359039458373,0.224989265779304,0.263124361110722,180000,"https://open.spotify.com/track/4VUwkH455At9kENOfzTqmF"
"rise","Jonas Blue",0,"2018-05-25","Pop",0.628758169934641,0.781092391887542,0.0909090909090909,0.787566988210075,1,0.0100913022585296,0.334696824866504,0.193906696286893,0.675826534993559,0.305406578634142,194408,"https://open.spotify.com/track/3u1S1OmAUhx5DRlLrXqyp3"
"we don't talk anymore","Charlie Puth",0.136363636363636,"2016-01-29","Pop",0.67843137254902,0.543942483099045,0.0909090909090909,0.641800643086817,0,0.132628543969246,0.643513563479871,0.168517930815614,0.335551738943753,0.263054345847395,217707,"https://open.spotify.com/track/06KyNuuMOX1ROXRhj787tj"
"heathens","Twenty One Pilots",0.227272727272728,"2016-06-16","Pop",0.683660130718954,0.364738705869729,0.363636363636364,0.586280814576634,0,0.00600672753483902,0.0871252850855194,0.0902359039458373,0.545942464577072,0.193088093204319,195920,"https://open.spotify.com/track/6i0V12jOa3mr6uu4WYhUBr"
"sucker for pain (with wiz khalifa, imagine dragons, logic & ty dolla $ign feat. x ambassadors)","Lil Wayne",0.0454545454545454,"2016-06-24","Pop",0.383006535947712,0.783238544908252,0.818181818181818,0.79935691318328,0,0.352474771744354,0.264228575786944,0.666772453189464,0.750966079862602,0.746187668911823,243491,"https://open.spotify.com/track/4dASQiO1Eoo3RJvt74FtXB"
"love me like you do - from ""fifty shades of grey""","Ellie Goulding",0.0454545454545454,"2015-11-06","Pop",0.069281045751634,0.590084773044318,0.727272727272727,0.702122186495177,1,0.0297933685728015,0.25593819354229,0.111393208505236,0.252898239587806,0.892071471580805,252534,"https://open.spotify.com/track/3zHq9ouUJQFQRf3cm1rRLu"
"perfect strangers","Jonas Blue",0,"2018-11-09","Pop",0.681045751633987,0.863719283184891,0.0909090909090909,0.811275455519828,1,0.0258289283998078,0.404128776165483,0.204485348566593,0.713396307428081,0.388717740467422,196613,"https://open.spotify.com/track/3P3pw6C19j31Rnzgo3JG7o"
"this girl (kungs vs. cookin' on 3 burners)","Kungs",0.0909090909090908,"2016-11-04","Pop",0.762091503267974,0.709196265693744,0,0.783022508038585,0,0.0188611244593945,0.0960374459985227,0.218237596530202,0.457921854873336,0.416863876325039,195547,"https://open.spotify.com/track/1A8j067qyiNwQnZT0bzUpZ"
"i'm the one (feat. justin bieber, quavo, chance the rapper & lil wayne)","DJ Khaled",0,"2017-06-22","Pop",0.522875816993464,0.65661551668634,0.636363636363636,0.803386923901393,1,0.0157376261412782,0.0571762792267063,0.155823548079975,0.82825246887076,0.12937420357638,288600,"https://open.spotify.com/track/3DXncPQOG4VBw3QHh3S817"
"galway girl","Ed Sheeran",0.181818181818182,"2017-03-03","Pop",0.542483660130719,0.879815430840219,0.818181818181818,0.842400857449089,1,0.0917827967323402,0.0761405286113527,0.325081984555168,0.796049806784027,0.262536232898772,170827,"https://open.spotify.com/track/0afhq8XCExXpqazXczTSve"
"ocean (feat. khalid)","Martin Garrix",0,"2018-06-15","Pop",0.388235294117647,0.683442429445219,0,0.675584137191854,0,0.0211436809226333,0.605170545598346,0.073415846821115,0.194933447831687,0.542380238892079,216420,"https://open.spotify.com/track/3nc420PXjTdBV5TN0gCFkS"
"secrets","OneRepublic",0,"2009-01-01","Pop",0.401307189542484,0.759630861680438,0.181818181818182,0.720257234726688,1,0.0156174915905815,0.0742751926063055,0.100814556225537,0.361313868613139,0.599155615924271,224693,"https://open.spotify.com/track/1NhPKVLsHhFUHIOZ32QnS2"
"mask off","Future",0.227272727272728,"2017-06-30","Pop",0.815686274509804,0.405515613263226,0.181818181818182,0.609989281886388,1,0.489428159538683,0.0105428791005267,0.153707817624035,0.259338772005152,0.613445731169395,204600,"https://open.spotify.com/track/0VgkVdmE4gld66l8iyGjgx"
"in my feelings","Drake",0.318181818181818,"2018-06-29","Pop",0.818300653594771,0.611546303251422,0.0909090909090909,0.736977491961415,1,0.121816434406535,0.0610105810148589,0.398074685285095,0.333404894804637,0.200131628695056,217925,"https://open.spotify.com/track/2G7V7zsVDxg1yRsu7Ew9RJ"
"god's plan","Drake",0.454545454545455,"2018-06-29","Pop",0.712418300653595,0.421611760918554,0.636363636363636,0.592154340836013,1,0.10259490629505,0.0343777280539074,0.563101660848408,0.340918849291541,0.103083472196939,198973,"https://open.spotify.com/track/6DCZcSspjsKoFjzjrWoCdn"
"friends","Marshmello",0.318181818181818,"2018-02-09","Pop",0.545098039215686,0.88410773688164,0.818181818181818,0.884844587352626,0,0.0321960595867371,0.212413686757855,0.114566804189146,0.530914555603263,0.228480808816322,202621,"https://open.spotify.com/track/08bNPGLD8AhKpnnERrAc6G"
"the weekend - funk wav remix","SZA",0,"2017-12-15","Pop",0.739869281045752,0.554673248202597,1,0.77556270096463,1,0.0419269581931764,0.512940043126568,0.112451073733206,0.673679690854444,0.276413258090264,171806,"https://open.spotify.com/track/0P6AWOA4LG1XOctzaVu5tt"
"yellow","Coldplay",0.227272727272728,"2000-07-10","Pop",0.287581699346405,0.649103981113854,1,0.677213290460879,1,0.00540605478135512,0.00244939343418307,0.226700518353962,0.263632460283383,0.776602299301248,266773,"https://open.spotify.com/track/3AJwUDP919kvQ9QcozQPxg"
"fix you","Coldplay",0.227272727272728,"2005-06-07","Pop",0,0.388346389097543,0.272727272727273,0.612347266881029,1,0.0122537241710716,0.168889179973421,0.098698825769597,0.0897380850150279,0.530848725022055,295533,"https://open.spotify.com/track/7LVHVU3tWfcxj5aiPFEW4Q"
"cradles","Sub Urban",0.0909090909090908,"2019-01-04","Pop",0.42483660130719,0.57184247236828,0.0909090909090909,0.907095391211147,1,0.362085535800096,0.265264873567526,0.165344335131704,0.636109918419923,0.113214680800415,209829,"https://open.spotify.com/track/1y4jsQt7MjnZhiD1L6qFBC"
"way down we go","KALEO",0,"2016-06-10","Pop",0.366013071895425,0.481704045498444,0.909090909090909,0.643129689174705,0,0.112205670350793,0.599989056695437,0.0891780387178674,0.319450407900386,0.705816868077241,213707,"https://open.spotify.com/track/0y1QJc3SJVPKJ1OvFmFqe6"
"i've been waiting (w/ ilovemakonnen & fall out boy)","Lil Peep",0,"2019-01-31","Pop",0.695424836601307,0.846550059019208,0.454545454545455,0.834083601286174,0,0.0174195098510332,0.155417308825858,0.163228604675764,0.951696006869901,0.472554016775657,233613,"https://open.spotify.com/track/2v5JTeM6hSmi5wWy7jiwrI"
"get you the moon (feat. snøw)","Kina",0.454545454545455,"2018-10-08","Pop",0.377777777777778,0.191973387702543,0.0909090909090909,0.277899249732047,0,0.197501201345507,0.746107043757467,0.131492647836666,0.0537784456848433,0.395383193536191,179080,"https://open.spotify.com/track/4ZLzoOkj0MPWrTLvooIuaa"
"do re mi","blackbear",0.136363636363636,"2017-04-21","Pop",0.700653594771242,0.576134778409701,0.727272727272727,0.71481243301179,1,0.0348390197020663,0.00538211615322948,0.109277478049297,0.140188922284242,0.339966112612549,212027,"https://open.spotify.com/track/3Q3myFA7q4Op95DOpHplaY"
"goosebumps","Travis Scott",0.454545454545455,"2016-09-16","Pop",0.826143790849673,0.721000107307651,0.636363636363636,0.842572347266881,1,0.0297933685728015,0.0877470637538685,0.136781973976515,0.419278660369257,0.473324184672259,243837,"https://open.spotify.com/track/6gBFPUFcJLzWGx4lenP6h2"
"candy","Doja Cat",0.409090909090909,"2018-03-30","Pop",0.627450980392157,0.493507887112351,0.727272727272727,0.735948553054662,1,0.0249879865449303,0.53159340317704,0.151592087168095,0.182052382996994,0.437105288952992,190920,"https://open.spotify.com/track/1VJwtWR6z7SpZRwipI12be"
"giants","True Damage",0.0454545454545454,"2019-11-10","Pop",0.566013071895425,0.672711664341668,0.0909090909090909,0.756141479099678,1,0.286400768861124,0.0863998766391122,0.143129165344335,0.584585659081151,0.647186086566872,191720,"https://open.spotify.com/track/5C0ivQMxes2lWuOANhvVAm"
"devil eyes","Hippie Sabotage",0.227272727272728,"2016-02-05","Pop",0.237908496732026,0.364738705869729,0.0909090909090909,0.617449088960343,0,0.198702546852475,0.727453683706995,0.312387601819528,0.171318162301417,0.256717964516264,131272,"https://open.spotify.com/track/7MiZjKawmXTsTNePyTfPyL"
"chanel","Frank Ocean",0.272727272727273,"2017-03-10","Pop",0.741176470588235,0.479557892477734,0,0.741307609860664,0,0.256367131186929,0.905696901967059,0.097640960541627,0.46543580936024,0.333888787755731,210285,"https://open.spotify.com/track/6Nle9hKrkL1wQpwNfEkxjh"
"xo tour llif3","Lil Uzi Vert",0.363636363636364,"2017-08-25","Pop",0.683660130718954,0.744607790535465,1,0.714126473740622,0,0.249159058145123,0.00270846787932851,0.0944673648577171,0.388149420352082,0.648691414728411,182707,"https://open.spotify.com/track/7GX5flRQZVHRAGd6B4TmDO"
"lottery (renegade)","K CAMP",0.136363636363636,"2019-06-21","Pop",0.922875816993464,0.536430947526559,0.0909090909090909,0.618306538049303,1,0.231138875540605,0.0149989595570283,0.0567015762191897,0.676899957063117,0.605758055256046,170947,"https://open.spotify.com/track/4dZTZbmJBCCofAExHwefda"
"i","Lil Skies",0.227272727272728,"2019-03-01","Pop",0.575163398692811,0.425904066959974,0.545454545454545,0.674941050375134,1,0.0737626141278232,0.649731350163362,0.101872421453507,0.420352082438815,0.257215072885889,181891,"https://open.spotify.com/track/4ZT9FnbFu1PaBfV3itxiqT"
"falling","Trevor Daniel",0.954545454545455,"2018-10-05","Pop",0.751633986928105,0.401223307221805,0.909090909090909,0.611661307609861,0,0.0153772224891879,0.12743726875015,0.072992700729927,0.211034778875054,0.452585663674681,159382,"https://open.spotify.com/track/4TnjEaWOeW0eKTKIEvJyCa"
"the scientist","Coldplay",0.318181818181818,"2002-08-08","Pop",0.458823529411765,0.414100225346067,0.454545454545455,0.677341907824223,1,0.000840941854877462,0.753361128221539,0.0955252300856871,0.185272649205668,0.588142215002871,309600,"https://open.spotify.com/track/75JFxkI2RXiU7L9VXzMkle"
"with or without you - remastered","U2",0.136363636363636,"1987-03-03","Pop",0.432679738562092,0.40015023071145,0.181818181818182,0.48021436227224,1,0.00588659298414224,0.000181973890270159,0.128319052152756,0.0790038643194504,0.334147844230042,295516,"https://open.spotify.com/track/6ADSaE87h8Y3lccZlBJdXH"
"sos (feat. aloe blacc)","Avicii",0.318181818181818,"2019-06-06","Pop",0.775163398692811,0.63193475694817,0.454545454545455,0.722057877813505,0,0.0575444497837578,0.281845638056834,0.105046017137417,0.361313868613139,0.262942321426071,157202,"https://open.spotify.com/track/2x0RZdkZcD8QRI53XT4GI5"
"you shook me all night long","AC/DC",0.0909090909090908,"1980-07-25","Pop",0.422222222222222,0.762850091211503,0.636363636363636,0.750868167202572,1,0.0406054781355118,0.00294681636886232,0.391727493917275,0.768140832975526,0.454504081889852,210173,"https://open.spotify.com/track/2SiXAy7TuUkycRVbbWDEpo"
"girls just want to have fun","Cyndi Lauper",0,"1983-10-14","Pop",0.654901960784314,0.79718853954287,0.545454545454545,0.777106109324759,1,0.0110523786641038,0.227958153466582,0.348355019570507,0.735938170888793,0.405570414350328,238267,"https://open.spotify.com/track/4y1LsJpmMti1PfRQV9AWWe"
"what do you mean?","Justin Bieber",0.0909090909090908,"2015-11-13","Pop",0.831372549019608,0.548234789140466,0.454545454545455,0.639013933547696,0,0.0864968765016819,0.611388332281837,0.0649529249973553,0.808930871618721,0.438113508744906,205680,"https://open.spotify.com/track/4B0JvthVoAAuygILe3n4Bs"
"treasure","Bruno Mars",0,"2012-12-07","Pop",0.869281045751634,0.682369352934864,0.454545454545455,0.760685959271168,0,0.0234262373858722,0.0426681102985615,0.321908388871258,0.963503649635037,0.375078767171243,178560,"https://open.spotify.com/track/55h7vJchibLdUkxdlX3fK7"
"i like it","Cardi B",0.363636363636364,"2018-04-06","Pop",0.793464052287582,0.718853954286941,0.454545454545455,0.815648445873526,0,0.126621816434407,0.102566122016188,0.372685919813816,0.655431515671962,0.515326341142369,253390,"https://open.spotify.com/track/58q2HKrzhC3ozto2nDdN4z"
"wrecking ball","Miley Cyrus",0,"2013-10-04","Pop",0.419607843137255,0.392638695138963,0.454545454545455,0.718585209003215,1,0.0127342623738587,0.421745838435373,0.0923516344017772,0.332331472735079,0.40271379160657,221360,"https://open.spotify.com/track/2vwlzO0Qp8kfEtzTsCXfyE"
"see you again (feat. charlie puth)","Wiz Khalifa",0.181818181818182,"2015","Pop",0.627450980392157,0.45595020924992,0.909090909090909,0.665380493033226,1,0.0695579048534358,0.382366522773265,0.047815508304242,0.261485616144268,0.123079831403246,229526,"https://open.spotify.com/track/2JzZzZUQj3Qff7wapcbKjc"
"24k magic","Bruno Mars",0.0909090909090908,"2016-11-17","Pop",0.796078431372549,0.80148084558429,0.0909090909090909,0.803472668810289,1,0.0673954829408938,0.0352067662783728,0.141013434888395,0.636109918419923,0.31173595843894,225983,"https://open.spotify.com/track/6b8Be6ljOzmkOmFslEb23P"
"no role modelz","J. Cole",0.272727272727273,"2014-12-09","Pop",0.636601307189542,0.498873269664127,0.909090909090909,0.624137191854234,0,0.370494954348871,0.312934571474287,0.0389294403892944,0.449334478316874,0.262935319899738,292987,"https://open.spotify.com/track/62vpWI1CHwFy7tMIcSStl8"
"black beatles","Rae Sremmurd",0,"2016-08-12","Pop",0.764705882352941,0.617984762313553,0,0.722829581993569,1,0.0496155694377703,0.147126926581204,0.114566804189146,0.338772005152426,0.58448741825718,291893,"https://open.spotify.com/track/6fujklziTHa8uoM5OQSfIo"
"younger","Jonas Blue",0,"2019-09-06","Pop",0.751633986928105,0.846550059019208,0.272727272727273,0.867309753483387,1,0.0432484382508409,0.296353806984979,0.0574420818787686,0.910905968226707,0.304811448895859,194721,"https://open.spotify.com/track/4D7ERaKgv8NAeck8RzUtRz"
"there's no way (feat. julia michaels)","Lauv",0.136363636363636,"2018-09-27","Pop",0.713725490196079,0.610473226741067,0.181818181818182,0.682057877813505,1,0.079288803459875,0.50775855422366,0.145244895800275,0.359167024474023,0.592147088065198,174861,"https://open.spotify.com/track/2hnxrRNzF74mdDzpQZQukQ"
"tongue tied","Grouplove",0.0909090909090908,"2011-09-02","Pop",0.458823529411765,0.94420002146153,0.272727272727273,0.736891747052519,1,0.0243873137914464,0.00875008394012023,0.149476356712155,0.35594675826535,0.353675101172055,218013,"https://open.spotify.com/track/0GO8y8jQk1PkHzS31d699N"
"i don’t wanna live forever (fifty shades darker)","ZAYN",0,"2016-12-09","Pop",0.687581699346405,0.423757913939264,0,0.628038585209003,1,0.0419269581931764,0.0653630316933023,0.322966254099228,0.0502361528553027,0.388773752678084,245200,"https://open.spotify.com/track/6yIdwnpDHufLWgQcveTPMk"
"chicken noodle soup (feat. becky g)","j-hope",0,"2019-09-27","Pop",0.806535947712418,0.816503916729263,0.181818181818182,0.812090032154341,1,0.0822921672272946,0.00517485659711312,0.290172432032159,0.138042078145127,0.242301821797152,235497,"https://open.spotify.com/track/6wyr4ReB05D9sJB1Rsmcqo"
"bad at love","Halsey",0.0454545454545454,"2017-06-02","Pop",0.609150326797386,0.74568086704582,0,0.835326902465166,1,0.00720807304180683,0.0625650276857315,0.073627419866709,0.614641477028768,0.39165138000084,181279,"https://open.spotify.com/track/7y9iMe8SOB6z3NoHE2OfXl"
"back to you - from 13 reasons why – season 2 soundtrack","Selena Gomez",0.181818181818182,"2018-05-10","Pop",0.512418300653595,0.71670780126623,0.545454545454545,0.778863879957127,1,0.0300336376741951,0.0979027820035698,0.106103882365387,0.503005581794762,0.277365465671516,207905,"https://open.spotify.com/track/4hQ6UGyWQIGJmHSo0J88JW"
"lost in japan","Shawn Mendes",0.136363636363636,"2018-05-25","Pop",0.658823529411765,0.731730872411203,0.909090909090909,0.69620578778135,1,0.420951465641518,0.264228575786944,0.0912937691738073,0.413911550021468,0.298131992774425,201200,"https://open.spotify.com/track/79esEXlqqmq0GPz0xQSZTV"
"if i can't have you","Shawn Mendes",0.363636363636364,"2019-05-03","Pop",0.631372549019608,0.807919304646421,0.181818181818182,0.807073954983923,1,0.0439692455550216,0.54299267876344,0.134666243520575,0.885143838557321,0.430348816041897,190800,"https://open.spotify.com/track/6LsAAHotRLMOHfCsSfYCsz"
"into the unknown - panic! at the disco version","Panic! At The Disco",0.272727272727273,"2019-11-15","Pop",0.322875816993464,0.82830775834317,0.0909090909090909,0.720171489817792,1,0.0641518500720807,0.0252583075847878,0.201311752882683,0.293688278231,0.379993838656827,189132,"https://open.spotify.com/track/421eObjg0DTm2qajJl5OJm"
"sex","EDEN",0,"2016-08-19","Pop",0.266666666666667,0.498873269664127,0.818181818181818,0.79545551982851,1,0.0276309466602595,0.167852882192839,0.320850523643288,0.528767711464148,0.286677495694061,218808,"https://open.spotify.com/track/26ZX2JrAb8AFbr8FFfAsO7"
"ayy macarena","Tyga",0.681818181818182,"2019-11-13","Pop",0.793464052287582,0.615838609292843,0.181818181818182,0.748338692390139,1,0.243152330610284,0.137800246555968,0.0523643287845129,0.725203950193216,0.238380967050817,131607,"https://open.spotify.com/track/6LcauUZjF1eXQrgqMUecHX"
"my house","Flo Rida",0,"2015-04-07","Pop",0.626143790849673,0.693100118038416,0.636363636363636,0.781607717041801,0,0.0315953868332532,0.0222530440211007,0.114566804189146,0.75203950193216,0.220968171061291,192191,"https://open.spotify.com/track/6Knv6wdA0luoMUuuoYi2i1"
"sweater weather","The Neighbourhood",0.227272727272728,"2013-04-19","Pop",0.526797385620915,0.805773151625711,0.909090909090909,0.866580921757771,1,0.012013455069678,0.0512693818773902,0.0860044430339575,0.384929154143409,0.431343032781146,240400,"https://open.spotify.com/track/2QjOHCTQ1Jl3zawyYOpxh6"
"best friend","Rex Orange County",0.227272727272728,"2017-01-25","Pop",0.47843137254902,0.705977036162678,0.545454545454545,0.762100750267953,1,0.0432484382508409,0.409310265068392,0.100814556225537,0.301202232717905,0.577877977399073,262231,"https://open.spotify.com/track/47Bg6IrMed1GPbxRgwH2aC"
"my boy","Billie Eilish",0.181818181818182,"2017-12-22","Pop",0.631372549019608,0.362592552849018,1,0.612132904608789,0,0.220326765977895,0.489105194173188,0.102930286681477,0.305495920996136,0.192471958887037,170852,"https://open.spotify.com/track/1RGasjWLZ4qMN7wbtkLa3u"
"best part (feat. h.e.r.)","Daniel Caesar",0.136363636363636,"2017-08-25","Pop",0.411764705882353,0.330400257538362,0.636363636363636,0.549367631296892,1,0.0157376261412782,0.837301248448662,0.0849465778059875,0.425719192786604,0.0895775279010824,209831,"https://open.spotify.com/track/1RMJOxR6GRPsBHL8qeC2ux"
"let's fall in love for the night","FINNEAS",0.0454545454545454,"2018-10-19","Pop",0.690196078431373,0.377615623993991,0.454545454545455,0.646602357984995,1,0.0965881787602114,0.831083461765172,0.160055008991854,0.359167024474023,0.458424936636187,190348,"https://open.spotify.com/track/7kQkmyoHCEqwe7QwDbkSXM"
"sunflower","Rex Orange County",0.136363636363636,"2017-03-22","Pop",0.228758169934641,0.760703938190793,0.545454545454545,0.795712754555198,1,0.0412061508889957,0.669421007994416,0.531365704009309,0.566337483898669,0.472301961827678,252231,"https://open.spotify.com/track/4EpZ4eYuZOwPSSwyqpdHnJ"
"party favor","Billie Eilish",0,"2017-12-22","Pop",0.806535947712418,0.141538791715849,0,0.464823151125402,1,0.0777270543008169,0.913987284211713,0.0881201734898974,0.177758694718763,0.473135143461274,204770,"https://open.spotify.com/track/3WxmlTZ85sCYFnuIXmUAEe"
"shallow - radio edit","Lady Gaga",0.0909090909090908,"2018-10-05","Pop",0.47843137254902,0.293915656186286,0.636363636363636,0.70593783494105,1,0.00888995675156175,0.431072518460609,0.0714059028879721,0.255045083726921,0.233535910828561,217213,"https://open.spotify.com/track/6QfS2wq5sSC1xAJCQsTSlj"
"can't get over you (feat. clams casino)","Joji",0,"2018-10-26","Pop",0.903267973856209,0.278892585041313,0.818181818181818,0.609903536977492,1,0.370494954348871,0.708800323656523,0.0693959589548292,0.863675397166166,0.472378978617339,107077,"https://open.spotify.com/track/39oeKRgsLeynDIbWuXyA47"
"ivy","Frank Ocean",0.0454545454545454,"2016-08-20","Pop",0.46797385620915,0.356154093786887,0.818181818181818,0.576377277599142,0,0.0177799135031235,0.810357506153536,0.241510631545541,0.442893945899528,0.377494293756039,249191,"https://open.spotify.com/track/2ZWlPOoWh0626oTaHrnl2a"
"bury a friend","Billie Eilish",0.5,"2019-03-29","Pop",0.909803921568628,0.357227170297242,0.727272727272727,0.36518756698821,1,0.370494954348871,0.766832999369102,0.0912937691738073,0.168097896092744,0.403287916765855,193143,"https://open.spotify.com/track/4SSnFejRGlZikf02HLewEF"
"you should see me in a crown","Billie Eilish",0.363636363636364,"2019-03-29","Pop",0.613071895424837,0.511750187788389,0.363636363636364,0.537534833869239,1,0.195098510331571,0.47874221636737,0.126203321696816,0.304422498926578,0.616197331018162,180953,"https://open.spotify.com/track/3XF5xLJHOQQRbWya6hBp7d"
"all the good girls go to hell","Billie Eilish",0.454545454545455,"2019-03-29","Pop",0.675816993464052,0.416246378366778,0.727272727272727,0.60454448017149,0,0.418548774627583,0.293244913643233,0.166402200359674,0.568484328037784,0.858373125341324,168840,"https://open.spotify.com/track/6IRdLKIyS4p7XNiP8r6rsx"
"life is good (feat. drake)","Future",0.772727272727273,"2020-01-10","Rap",0.610457516339869,0.593304002575384,0.181818181818182,0.737063236870311,0,0.549495434887074,0.0731352650476655,0.139955569660425,0.503005581794762,0.557258482349152,237735,"https://open.spotify.com/track/5yY9lUy8nbvjM1Uyo1Uqoc"
"the box","Roddy Ricch",1,"2019-12-06","Rap",0.898039215686275,0.568623242837214,0.909090909090909,0.700364415862808,0,0.0388034598750601,0.107747610919097,0.814873585105258,0.6468441391155,0.381758223292678,196653,"https://open.spotify.com/track/0nbXyq5TXYPCO7pr3N8S4I"
"futsal shuffle 2020","Lil Uzi Vert",0.681818181818182,"2019-12-12","Rap",0.87843137254902,0.430196373001395,0.636363636363636,0.63588424437299,0,0.159058145122537,0.0338595791636165,0.223526922670052,0.275440103048519,0.521781748421156,198913,"https://open.spotify.com/track/2Ec33AVlkTTq8BHFgBTdQs"
"sum 2 prove","Lil Baby",0.227272727272728,"2020-01-10","Rap",0.802614379084967,0.532138641485138,0.363636363636364,0.662508038585209,0,0.360884190293128,0.0180042231207154,0.108219612821327,0.406397595534564,0.431238009886155,205760,"https://open.spotify.com/track/2u3EyuCqqV31woqGvO9LBz"
"bop","DaBaby",0.772727272727273,"2019-09-27","Rap",0.73202614379085,0.784311621418607,1,0.8194640943194,1,0.412542047092744,0.195832922268547,0.115624669417116,0.855088020609704,0.450366179827202,159715,"https://open.spotify.com/track/6Ozh9Ok6h4Oi1wUSLtBseN"
"suicidal","YNW Melly",0.636363636363636,"2019-11-22","Rap",0.688888888888889,0.335765640090138,0.818181818181818,0.571961414790997,0,0.0543008169149447,0.346096100452904,0.112451073733206,0.209961356805496,0.543031380841023,222997,"https://open.spotify.com/track/1iSqfoUFnQwV0QW1EfUit8"
"out west (feat. young thug)","JACKBOYS",0.5,"2019-12-27","Rap",0.775163398692811,0.57398862538899,0.727272727272727,0.777191854233655,1,0.241950985103316,0.010750138656643,0.186501639691103,0.289394589952769,0.542044165628107,157712,"https://open.spotify.com/track/6gi6y1xwmVszDWkUqab1qw"
"toes (feat. lil baby & moneybagg yo)","DaBaby",0.454545454545455,"2019-09-27","Rap",0.793464052287582,0.564330936795794,0.727272727272727,0.80951768488746,1,0.381307063911581,0.0822546855167851,0.0760605098910399,0.539501932159725,0.683054905969501,136366,"https://open.spotify.com/track/2FvD20Z8aoWIePi7PoN8sG"
"woah","Lil Baby",0.545454545454545,"2019-11-08","Rap",0.879738562091503,0.585792467002897,1,0.748938906752411,1,0.265977895242672,0.01831511245489,0.167460065587644,0.419278660369257,0.563713889627939,183011,"https://open.spotify.com/track/598yNsG1JFrGd4n2kMoz7F"
"how i move (feat. lil baby)","Flipp Dinero",0.181818181818182,"2019-11-15","Rap",0.806535947712418,0.621203991844619,0.454545454545455,0.764930332261522,0,0.226333493512734,0.105675015357933,0.238337035861631,0.825032202662087,0.402643776343243,224916,"https://open.spotify.com/track/0jBJIQuToUUOEx7JJkiPzm"
"peta (feat. meek mill)","Roddy Ricch",0.363636363636364,"2019-12-06","Rap",0.743790849673203,0.554673248202597,0.909090909090909,0.672411575562701,0,0.273185968284479,0.0155171084473192,0.470009520787052,0.246457707170459,0.543794547211292,198849,"https://open.spotify.com/track/4bl1HBZliBuYpFZjWgefE4"
"death (feat. dababy)","Trippie Redd",0.272727272727273,"2019-11-12","Rap",0.775163398692811,0.819723146260328,0.909090909090909,0.731146838156484,0,0.147044690052859,0.0599742832342771,0.136781973976515,0.615714899098325,0.711068012826796,172196,"https://open.spotify.com/track/6YfTl5YupXOQBKiJJLrxcw"
"orange soda","Baby Keem",0.318181818181818,"2019-07-19","Rap",0.811764705882353,0.5450155596094,0.0909090909090909,0.651704180064309,1,0.253964440172994,0.183397348901566,0.114566804189146,0.0725633319021039,0.158206489014605,129882,"https://open.spotify.com/track/5FkoSXiJPKTNyYgALRJFhD"
"high fashion (feat. mustard)","Roddy Ricch",0.318181818181818,"2019-12-06","Rap",0.813071895424837,0.475265586436313,1,0.625123258306538,0,0.108601633829889,0.278736744715089,0.296519623399979,0.506225848003435,0.248624200075617,220487,"https://open.spotify.com/track/07KXEDMj78x68D884wgVEm"
"vibez","DaBaby",0.545454545454545,"2019-09-27","Rap",0.730718954248366,0.639446292520657,0.0909090909090909,0.870953912111468,0,0.340461316674676,0.117074290944333,0.0923516344017772,0.791756118505797,0.64232702729195,144935,"https://open.spotify.com/track/0fySG6A6qLE8IvDpayb5bM"
"hop off a jet (feat. travis scott)","Young Thug",0.272727272727273,"2019-12-20","Rap",0.802614379084967,0.450584826698144,0.636363636363636,0.603301178992497,1,0.262373858721768,0.011890066215283,0.204485348566593,0.33662516101331,0.577990001820397,174067,"https://open.spotify.com/track/3RZftiuTcLOqpsd8ZlwNhr"
"up the smoke (with offset)","Stunna 4 Vegas",0.227272727272728,"2019-11-08","Rap",0.912418300653595,0.760703938190793,0.363636363636364,0.685101822079314,1,0.483421432003844,0.0530310881043792,0.141013434888395,0.919493344783169,0.563944939996919,188048,"https://open.spotify.com/track/09TZsMHXEtQkdmMJZPLKup"
"no idea","Don Toliver",0.727272727272727,"2019-05-29","Rap",0.584313725490196,0.59866938512716,0.545454545454545,0.77384780278671,0,0.0941854877462758,0.57822680330322,0.206601079022533,0.333404894804637,0.459244115217117,153750,"https://open.spotify.com/track/3VyjsVV24RmBIbWJAeUJNu"
"famous hoes","NLE Choppa",0.181818181818182,"2019-12-10","Rap",0.683660130718954,0.612619379761777,0.363636363636364,0.742979635584137,0,0.165064872657376,0.358531673819885,0.255262879509151,0.314083297552598,0.133274053743716,135460,"https://open.spotify.com/track/35Xf2ABjPzUXKz19akd7Jj"
"make no sense","YoungBoy Never Broke Again",0.363636363636364,"2019-10-11","Rap",0.871895424836601,0.726365489859427,0.909090909090909,0.795069667738478,0,0.371696299855839,0.0215276355746934,0.0848407912831905,0.99033920137398,0.647347121672525,148630,"https://open.spotify.com/track/6klLvorLoo1sxvZcjJIY8I"
"camelot (feat. yo gotti, blocboy jb & moneybagg yo) - remix","NLE Choppa",0.0454545454545454,"2019-12-06","Rap",0.759477124183007,0.88410773688164,0.636363636363636,0.902036441586281,1,0.423354156655454,0.335733122647086,0.0668570824077013,0.877629884070417,0.788140814697604,198694,"https://open.spotify.com/track/05JdgtCKkZ5CoOjM5KS4EG"
"highest in the room (feat. rosalía & lil baby) - remix","Travis Scott",0.590909090909091,"2019-12-27","Rap",0.457516339869281,0.466680974353471,0.181818181818182,0.712411575562701,0,0.0132148005766458,0.058730725897579,0.0841002856236116,0.0800772863890082,0.634933415484576,244874,"https://open.spotify.com/track/7h0d2h0fUmzbs7zeFigJPn"
"6 kiss","Trippie Redd",0.318181818181818,"2019-11-22","Rap",0.62483660130719,0.421611760918554,0.181818181818182,0.555712754555198,1,0.156655454108602,0.112929099822005,0.27747804929652,0.203520824388149,0.557335499138812,199437,"https://open.spotify.com/track/7tgjDlQsMR8RvkdlNCJA58"
"immortal","21 Savage",0.318181818181818,"2019-10-31","Rap",0.695424836601307,0.873376971778088,0.545454545454545,0.837256162915327,0,0.575925036040365,0.00839774269472243,0.0997566909975669,0.669386002576213,0.852421827958495,254723,"https://open.spotify.com/track/4IO8X9W69dIQe0EC5ALXhq"
"go in","Lil Tjay",0.0909090909090908,"2019-12-13","Rap",0.77124183006536,0.688807811996995,0.818181818181818,0.732090032154341,0,0.174675636713119,0.129509864311314,0.0614619697450545,0.815371404036067,0.416954896167365,254963,"https://open.spotify.com/track/4YrS33mjBWWchoLJTkAKwt"
"best on earth (feat. bia)","Russ",0.272727272727273,"2019-10-18","Rap",0.469281045751634,0.759630861680438,0.454545454545455,0.838499464094319,0,0.27799135031235,0.224849260124837,0.0776473077329948,0.628595963933019,0.82295240362399,160720,"https://open.spotify.com/track/2Xo3rLHjXfdb4avN68aQyi"
"dior","Pop Smoke",0,"2019-07-26","Rap",0.443137254901961,0.803626998605001,0.636363636363636,0.741307609860664,1,0.393320518981259,0.219667771221928,0.410769068020734,0.653284671532847,0.557657569350118,216387,"https://open.spotify.com/track/79s5XnCN4TJKTVMSmOx8Ep"
"i think i luv her","Tyla Yaweh",0.0454545454545454,"2019-09-27","Rap",0.905882352941177,0.592230926065028,1,0.719614147909968,1,0.296011532916867,0.000445193526537928,0.0448534856659262,0.855088020609704,0.150917900102222,160742,"https://open.spotify.com/track/6VYXuUz1nYMap8gtqeIrQB"
"had enough (feat. quavo & offset)","Don Toliver",0.318181818181818,"2019-12-27","Rap",0.70718954248366,0.786457774439318,0.181818181818182,0.790782422293676,1,0.101393560788083,0.26215598022578,0.115624669417116,0.680120223271791,0.598707518238976,157133,"https://open.spotify.com/track/7LGWmZaoS7jZJ5tEi9EcDi"
"20/20","Lil Tjay",0.136363636363636,"2020-01-01","Rap",0.884967320261438,0.300354115248417,0.363636363636364,0.439185423365488,1,0.258769822200865,0.577190505522638,0.0778588807785888,0.533061399742379,0.263243387058379,230448,"https://open.spotify.com/track/4Hqh0dS4x07zuRw6eBTO7p"
"gang gang","JACKBOYS",0.363636363636364,"2019-12-27","Rap",0.849673202614379,0.583646313982187,0.636363636363636,0.788553054662379,0,0.333253243632869,0.0735497841598983,0.352586480482387,0.567410905968227,0.424089451500427,244761,"https://open.spotify.com/track/6uJONCdr2rC65BNmCnTBWK"
"death","Trippie Redd",0.0454545454545454,"2019-11-22","Rap",0.775163398692811,0.819723146260328,0.909090909090909,0.731146838156484,0,0.147044690052859,0.0599742832342771,0.136781973976515,0.615714899098325,0.711068012826796,172196,"https://open.spotify.com/track/3Kd6Wp3lG5HXMB2dlvuy7y"
"start wit me (feat. gunna)","Roddy Ricch",0.181818181818182,"2019-12-06","Rap",0.884967320261438,0.453804056229209,0.363636363636364,0.641757770632369,0,0.372897645362806,0.0797675708433889,0.121971860784936,0.395663374838987,0.473184154145604,158692,"https://open.spotify.com/track/7A20WnLkjtZU2d7hIB6Ziu"
"ballin' (with roddy ricch)","Mustard",0.636363636363636,"2019-06-28","Rap",0.784313725490196,0.524627105912652,0.636363636363636,0.70075026795284,1,0.0599471407976934,0.406201371726646,0.138897704432455,0.219622155431516,0.241986753112178,180435,"https://open.spotify.com/track/3QzAOrNlsabgbMwlZt7TAY"
"millions","Young Thug",0.0909090909090908,"2019-12-20","Rap",0.958169934640523,0.509604034767679,0.0909090909090909,0.66508038585209,1,0.229937530033638,0.00241830450076562,0.0650587115201523,0.75203950193216,0.256122834777982,157520,"https://open.spotify.com/track/43YQDj1KOPMFAUcTEPKy4p"
"behind barz - bonus","Drake",0.0454545454545454,"2019-09-13","Rap",0.843137254901961,0.534284794505848,0.727272727272727,0.786237942122186,1,0.178279673234022,0.796885635005973,0.0583941605839416,0.249677973379133,0.5574825311918,163121,"https://open.spotify.com/track/5r7WvQtyPfy1xch5zMgGRp"
"gatti","JACKBOYS",0.272727272727273,"2019-12-27","Rap",0.503267973856209,0.665200128769181,0.181818181818182,0.738049303322615,1,0.384911100432484,0.139872842117132,0.151592087168095,0.464362387290683,0.567340680268299,181145,"https://open.spotify.com/track/40mjsnRjCpycdUw3xhS20g"
"buy u a drank (shawty snappin')","T-Pain",0,"2007-06-05","Rap",0.316339869281046,0.529992488464428,0.0909090909090909,0.638199356913183,1,0.286400768861124,0.0111646577688757,0.0571247223103777,0.595319879776728,0.12291179477126,227960,"https://open.spotify.com/track/2aIdVb8v9KTpEZnftkz2mD"
"ambitionz az a ridah","2Pac",0.0454545454545454,"1996-02-13","Rap",0.773856209150327,0.914153879171585,0.181818181818182,0.706066452304394,1,0.237145603075444,0.00259447512346452,0.0529990479212948,0.821811936453414,0.173868903420946,278387,"https://open.spotify.com/track/3ssX20QT5c3nA9wk78V1LQ"
"crank that (soulja boy)","Soulja Boy",0,"2007-01-01","Rap",0.688888888888889,0.733877025431913,0,0.893590568060021,1,0.0660740028832292,0.533665998738204,0.0286681476779858,0.819665092314298,0.543983588422276,221933,"https://open.spotify.com/track/66TRwr5uJwPt15mfFkzhbi"
"money in the grave (drake ft. rick ross)","Drake",0.545454545454545,"2019-06-15","Rap",0.813071895424837,0.478484815967379,0.909090909090909,0.813633440514469,0,0.0269101393560788,0.104638717577351,0.108219612821327,0.0661227994847574,0.266723145645751,205427,"https://open.spotify.com/track/5ry2OE6R2zPQFDO85XkgRb"
"suge","DaBaby",0.5,"2019-03-01","Rap",0.871895424836601,0.650177057624209,0.181818181818182,0.709153269024652,0,0.483421432003844,0.0629795467979642,0.113508938961176,0.863675397166166,0.0910128407992943,163320,"https://open.spotify.com/track/2gwkD6igEhQbDQegRCcdoB"
"sanguine paradise","Lil Uzi Vert",0.272727272727273,"2019-04-09","Rap",0.679738562091503,0.586865543513253,0.545454545454545,0.698263665594855,0,0.0516578567996156,0.0982136713377444,0.098698825769597,0.179905538857879,0.50779269880834,243976,"https://open.spotify.com/track/3XiNC94b4Tq1xwv70sQJGN"
"rodeo","Lil Nas X",0.0909090909090908,"2019-06-21","Rap",0.649673202614379,0.668419358300247,0.818181818181818,0.74636655948553,1,0.0105718404613167,0.144018033239459,0.471067386015022,0.662945470158867,0.543563496842312,158707,"https://open.spotify.com/track/4ak7xjvBeBOcJGWFDX9w5n"
"the london (feat. j. cole & travis scott)","Young Thug",0.318181818181818,"2019-05-23","Rap",0.767320261437909,0.568623242837214,0.363636363636364,0.689260450160772,0,0.148246035559827,0.0255691969189623,0.118798265101026,0.149849720910262,0.248799238233935,200107,"https://open.spotify.com/track/7DcvwMAiqKJQD1rrdfxSDx"
"come get her","Rae Sremmurd",0,"2015-01-06","Rap",0.627450980392157,0.5450155596094,0.181818181818182,0.720128617363344,1,0.135031234983181,0.193760326707383,0.0554321379456257,0.0897380850150279,0.858226093288337,212947,"https://open.spotify.com/track/1Ser4X0TKttOvo8bgdytTP"
"bank account","21 Savage",0.181818181818182,"2017-09-23","Rap",0.882352941176471,0.311084880351969,0.727272727272727,0.634297963558414,0,0.393320518981259,0.0156207382253774,0.0713001163651751,0.361313868613139,0.0880091860025486,220307,"https://open.spotify.com/track/2fQrGHiQOvpL9UgPvtYy6G"
"earfquake","Tyler, The Creator",0.363636363636364,"2019-05-17","Rap",0.450980392156863,0.474192509925958,0.818181818181818,0.606945337620579,1,0.0539404132628544,0.2383211312724,0.820162911245108,0.401030485186775,0.120349236133477,190067,"https://open.spotify.com/track/5hVghJ4KaYES3BFUATCYn0"
"tap (feat. meek mill)","NAV",0.136363636363636,"2019-03-26","Rap",0.904575163398693,0.665200128769181,0.181818181818182,0.685530546623794,1,0.273185968284479,0.0669174783641749,0.0704538241827991,0.442893945899528,0.158038452382619,148278,"https://open.spotify.com/track/5rU6kDNXZLXIinFezpbWbO"
"chill bill (feat. j. davi$ & spooks)","Rob $tone",0.0454545454545454,"2016-06-17","Rap",0.884967320261438,0.398004077690739,0.545454545454545,0.557127545551983,1,0.145843344545891,0.0323051324927438,0.0750026446630699,0.204594246457707,0.319185582456976,177184,"https://open.spotify.com/track/5uDASfU19gDxSjW8cnCaBp"
"weekend (feat. miguel)","Mac Miller",0.0454545454545454,"2015-09-18","Rap",0.828758169934641,0.406588689773581,0.727272727272727,0.625123258306538,1,0.185487746275829,0.487032598612024,0.134666243520575,0.161657363675397,0.403371935081848,208080,"https://open.spotify.com/track/6GnhWMhgJb7uyiiPEiEkDA"
"crew (feat. brent faiyaz & shy glizzy)","GoldLink",0,"2017-03-24","Rap",0.67843137254902,0.591157849554673,0.0909090909090909,0.626195069667738,0,0.13022585295531,0.137800246555968,0.0705596107055961,0.435379991412623,0.472547015249324,176702,"https://open.spotify.com/track/15EPc80XuFrb2LmOzGjuRg"
"killshot","Eminem",0,"2018-09-19","Rap",0.89281045751634,0.638373216010302,0,0.616420150053591,0,0.42575684766939,0.10246249223813,0.371628054585846,0.600686990124517,0.303642193998292,253580,"https://open.spotify.com/track/1jo3TwNGCXfNdB5uba3ZVv"
"love. feat. zacari.","Kendrick Lamar",0.181818181818182,"2017-04-14","Rap",0.772549019607843,0.567550166326859,0.909090909090909,0.672240085744909,1,0.0826525708793849,0.27355525581218,0.141013434888395,0.793902962644912,0.445381093078291,213400,"https://open.spotify.com/track/6PGoSes0D9eUDeeAafB2As"
"hot girl summer (feat. nicki minaj & ty dolla $ign)","Megan Thee Stallion",0.136363636363636,"2019-08-09","Rap",0.866666666666667,0.813284687198197,0,0.791211146838156,1,0.157856799615569,0.00499868597441422,0.205543213794563,0.569557750107342,0.255828770672006,199427,"https://open.spotify.com/track/5N1o6d8zGcSZSeMFkOUQOk"
"don't","Bryson Tiller",0.181818181818182,"2015-10-02","Rap",0.726797385620915,0.321815645455521,1,0.748853161843515,0,0.207111965401249,0.230030749027745,0.0810324764624987,0.161657363675397,0.241937742427849,198293,"https://open.spotify.com/track/3pXF1nA74528Edde4of9CC"
"exchange","Bryson Tiller",0.136363636363636,"2015-10-02","Rap",0.419607843137255,0.404442536752871,0.545454545454545,0.532690246516613,1,0.193897164824604,0.111892802041424,0.121971860784936,0.251824817518248,0.684007113550754,194613,"https://open.spotify.com/track/43PuMrRfbyyuz4QpZ3oAwN"
"freaky friday (feat. chris brown)","Lil Dicky",0.0454545454545454,"2018-03-15","Rap",0.713725490196079,0.582573237471832,0.727272727272727,0.770889603429796,1,0.240749639596348,0.152308415484113,0.0944673648577171,0.768140832975526,0.494846876619103,216632,"https://open.spotify.com/track/10Igtw8bSDyyFs7KIsKngZ"
"baguettes in the face (feat. nav, playboi carti & a boogie wit da hoodie)","Mustard",0.272727272727273,"2019-06-28","Rap",0.881045751633987,0.503165575705548,0.181818181818182,0.641757770632369,0,0.0476934166266218,0.195832922268547,0.0818787686448747,0.292614856161443,0.262781286320418,174100,"https://open.spotify.com/track/2zjGJ0dChMR0KxBZS15aqo"
"mixed personalities (feat. kanye west)","YNW Melly",0.181818181818182,"2019-01-18","Rap",0.590849673202615,0.411954072325357,0.181818181818182,0.596741693461951,1,0.0681162902450745,0.473560727464461,0.114566804189146,0.335551738943753,0.612570540377803,230400,"https://open.spotify.com/track/6vWEAOUSxohKxhp0K1BsxL"
"middle child","J. Cole",0.454545454545455,"2019-01-23","Rap",0.820915032679739,0.330400257538362,0.727272727272727,0.484887459807074,1,0.303219605958674,0.154381011045276,0.26584153178885,0.454701588664663,0.430859927464187,213594,"https://open.spotify.com/track/2JvzF1RMd7lE3KmFlsyZD8"
"pop out (feat. lil tjay)","Polo G",0.363636363636364,"2019-06-07","Rap",0.735947712418301,0.625496297886039,0.0909090909090909,0.681843515541265,1,0.532676597789524,0.155417308825858,0.0529990479212948,0.237870330613997,0.739823281475362,166560,"https://open.spotify.com/track/6uFn47ACjqYkc0jADwEdj1"
"rnp (feat. anderson .paak)","YBN Cordae",0.0909090909090908,"2019-07-26","Rap",0.525490196078432,0.705977036162678,0.818181818181818,0.78572347266881,0,1,0.190651433365638,0.132550513064636,0.631816230141692,0.935382913475138,175828,"https://open.spotify.com/track/5lw8Mgb4LyhriPIC86gV6e"
"hot (feat. gunna)","Young Thug",0.318181818181818,"2019-08-16","Rap",0.844444444444445,0.638373216010302,0,0.642186495176849,0,0.253964440172994,0.0652594019152441,0.0608272506082725,0.557750107342207,0.346932631313626,193027,"https://open.spotify.com/track/5Z8HZM6iQMhhqyPcCGY5g9"
"down below","Roddy Ricch",0.0909090909090908,"2018-11-02","Rap",0.937254901960785,0.42697714347033,0.545454545454545,0.561243301178992,1,0.0595867371456031,0.0372793618395363,0.0739447794351,0.32267067410906,0.402748799238234,224002,"https://open.spotify.com/track/4SWWe2OYC4mqf40Gc2RSdl"
"hopeless romantic (feat. swae lee)","Wiz Khalifa",0,"2018-07-13","Rap",0.873202614379085,0.451657903208499,0.818181818181818,0.67069667738478,0,0.0421672272945699,0.318116060377196,0.0774357346874008,0.550236152855303,0.452137565989386,226743,"https://open.spotify.com/track/7IBSffWIu7P2MC7kMwy2FM"
"clout (feat. cardi b)","Offset",0.0909090909090908,"2019-02-22","Rap",0.928104575163399,0.607253997210001,0.0909090909090909,0.67048231511254,1,0.0914223930802499,0.236248535711236,0.108219612821327,0.412838127951911,0.54315040678868,205803,"https://open.spotify.com/track/59ywHNwwchG4nZJMLyxSzd"
"bad bad bad (feat. lil baby)","Young Thug",0.227272727272728,"2019-08-16","Rap",1,0.579354007940766,0.545454545454545,0.606002143622722,1,0.192695819317636,0.101115305123373,0.138897704432455,0.915199656504938,0.346666573312982,149040,"https://open.spotify.com/track/1GeNui6m825V8jP4uKiIaH"
"ric flair drip (& metro boomin)","Offset",0.227272727272728,"2017-10-30","Rap",0.877124183006536,0.399077154201095,0.818181818181818,0.632068595927117,1,0.219125420470927,0.154381011045276,0.0997566909975669,0.315156719622155,0.262984330584067,172800,"https://open.spotify.com/track/7sO5G9EABYOXQKNPNiE9NR"
"leave me alone","Flipp Dinero",0.0909090909090908,"2018-09-04","Rap",0.762091503267974,0.737096254962979,0.636363636363636,0.866752411575563,1,0.0738827486785199,0.110856504260842,0.172749391727494,0.754186346071275,0.613179673168751,195637,"https://open.spotify.com/track/14mHfNsSHN0FbLftyjrV9g"
"reel it in","Aminé",0.0909090909090908,"2018-08-15","Rap",0.712418300653595,0.306792574310548,0.909090909090909,0.615048231511254,0,0.0907015857760692,0.0756223797210618,0.183328044007194,0.411764705882353,0.465846554548892,121347,"https://open.spotify.com/track/5qHirGR7M9tdm6C17DlzSY"
"envy me","Calboy",0.0909090909090908,"2019-05-31","Rap",0.694117647058824,0.463461744822406,0.0909090909090909,0.658478027867095,0,0.296011532916867,0.242466322394727,0.234105574949751,0.584585659081151,0.60630417431,120133,"https://open.spotify.com/track/7rvyVWja33WG9R97oeJAjx"
"tip toe (feat. a boogie wit da hoodie)","Roddy Ricch",0.227272727272728,"2019-11-25","Rap",0.716339869281046,0.661980899238116,0.0909090909090909,0.622079314040729,1,0.14103796251802,0.0984209308938607,0.336718502062837,0.573851438385573,0.213630571464579,185806,"https://open.spotify.com/track/5j1yOqWONR9T6l43AzJ6Es"
"let me know (i wonder why freestyle)","Juice WRLD",0.363636363636364,"2019-12-07","Rap",0.556862745098039,0.51604249382981,0.636363636363636,0.648574490889603,0,0.0716001922152811,0.178215859998657,0.421347720300434,0.368827823100043,0.438169520955568,215381,"https://open.spotify.com/track/3wwo0bJvDSorOpNfzEkfXx"
"down like that (feat. rick ross, lil baby & s-x)","KSI",0.136363636363636,"2019-11-08","Rap",0.499346405228758,0.798261616053225,0.0909090909090909,0.774576634512326,1,0.315233061028352,0.365785758283957,0.240452766317571,0.597466723915844,0.539306568832005,175462,"https://open.spotify.com/track/4etKC4ngPKsQDHUMnYgV3A"
"babushka boi","A$AP Rocky",0.0454545454545454,"2019-08-28","Rap",0.899346405228758,0.737096254962979,0.909090909090909,0.753569131832797,0,0.238346948582412,0.31500716703545,0.124087591240876,0.929154143409189,0.507841709492669,187105,"https://open.spotify.com/track/643PW82aBMUa1FiWi5VQY7"
"f.n","Lil Tjay",0.272727272727273,"2019-10-11","Rap",0.46797385620915,0.492434810601996,0.545454545454545,0.546966773847803,0,0.268380586256607,0.366822056064539,0.0616735427906485,0.302275654787462,0.403665999187823,224000,"https://open.spotify.com/track/0RLLvYBopDwooCyvnTwgYu"
"big","Young M.A",0,"2019-09-27","Rap",0.850980392156863,0.483850198519154,0,0.739421221864952,0,0.414944738106679,0.0422535911863288,0.127261186924786,0.118720480893087,0.157947432540294,225920,"https://open.spotify.com/track/7cyeGclH71MayOuQ7qtLFl"
"adhd","Joyner Lucas",0,"2019-09-12","Rap",0.477124183006536,0.785384697928962,0.909090909090909,0.696463022508039,1,0.0482940893801057,0.0161388871156682,0.370570189357876,0.32267067410906,0.150490806995925,205803,"https://open.spotify.com/track/5L0X8T8HNaUAIYw1oofg1M"
"own it (feat. ed sheeran & burna boy)","Stormzy",0,"2019-11-22","Rap",0.794771241830065,0.777873162356476,0.636363636363636,0.807931404072883,0,0.106198942815954,0.00865681713986787,0.109277478049297,0.343065693430657,0.2909414252307,216707,"https://open.spotify.com/track/07s9NNOT0sZQp7TyolLLgu"
"kraazy","Likybo",0.0909090909090908,"2017-07-14","Rap",0.627450980392157,0.692027041528061,0.545454545454545,0.58075026795284,0,0.256367131186929,0.325370144841268,0.109277478049297,0.354873336195792,0.227801660762046,151579,"https://open.spotify.com/track/3s2Qd1rsWqbvOoxpFTRp8D"
"diamonds (with normani)","Megan Thee Stallion",0.0454545454545454,"2020-01-10","Rap",0.752941176470588,0.747827020066531,0.0909090909090909,0.822379421221865,1,0.0765257087938491,0.194796624487965,0.25949434042103,0.481537140403607,0.221010180219288,199301,"https://open.spotify.com/track/0PQsrLxPbOBBwwmXCnGvcF"
"no stylist","French Montana",0,"2018-09-20","Rap",0.726797385620915,0.695246271059127,0.454545454545455,0.790310825294748,0,0.124219125420471,0.0222530440211007,0.219295461758172,0.492271361099184,0.592392141486844,192172,"https://open.spotify.com/track/04MLEeAMuV9IlHEsD8vF6A"
"praise the lord (da shine) (feat. skepta)","A$AP Rocky",0.272727272727273,"2018-05-25","Rap",0.837908496732026,0.550380942161176,0.454545454545455,0.637556270096463,0,0.135031234983181,0.0630831765760224,0.0849465778059875,0.273293258909403,0.123044823771582,205040,"https://open.spotify.com/track/7ycWLEP1GsNjVvcjawXz3z"
"loyal (feat. drake)","PARTYNEXTDOOR",0.363636363636364,"2019-11-22","Rap",0.858823529411765,0.508530958257324,0,0.714941050375134,0,0.0311148486304661,0.535738594299367,0.0792341055749498,0.175611850579648,0.297606878299469,197973,"https://open.spotify.com/track/5bvnqVuq7UFl0txSlHpsfS"
"stargazing","Travis Scott",0.181818181818182,"2018-08-03","Rap",0.363398692810458,0.786457774439318,0.727272727272727,0.828853161843516,1,0.0245074483421432,0.00978638172070199,0.179096583095314,0.0182481751824818,0.613060647221094,270715,"https://open.spotify.com/track/7wBJfHzpfI3032CSD7CE2m"
"paid my dues","NF",0.0909090909090908,"2019-12-03","Rap",0.788235294117647,0.781092391887542,0.181818181818182,0.806645230439443,1,0.269581931763575,0.140909139897713,0.0944673648577171,0.36560755689137,0.584970523574139,211644,"https://open.spotify.com/track/18czZN7uruOjftj71Kt8oj"
"location (feat. burna boy)","Dave",0.136363636363636,"2019-03-08","Rap",0.788235294117647,0.472046356905247,0.818181818181818,0.731146838156484,0,0.328447861604998,0.280809340276252,0.0801861842801227,0.548089308716187,0.332803551174156,241293,"https://open.spotify.com/track/3z4CGd63tpUn9a6oQSG0CI"
"isis","Joyner Lucas",0.0909090909090908,"2019-05-23","Rap",0.926797385620915,0.837965446936367,0.0909090909090909,0.695862808145766,1,0.27799135031235,0.242466322394727,0.219295461758172,0.875483039931301,0.403084872502205,236000,"https://open.spotify.com/track/36TO60sxDduIsO3xH8IcUh"
"don't rush (feat. headie one)","Young T & Bugsey",0,"2019-11-07","Rap",0.983006535947712,0.434488679042816,0.818181818181818,0.614748124330118,1,0.296011532916867,0.20930479341611,0.150534221940125,0.305495920996136,0.319143573298979,207640,"https://open.spotify.com/track/0PXukVbYpvz40KcEFKnIw7"
"sugar","BROCKHAMPTON",0.545454545454545,"2019-08-23","Rap",0.318954248366013,0.517115570340165,0.0909090909090909,0.634983922829582,1,0.0482940893801057,0.465270345219807,0.180154448323284,0.511592958351224,0.423781384341787,204533,"https://open.spotify.com/track/6U0FIYXCQ3TGrk4tFpLrEA"
"colt","Samra",0.181818181818182,"2019-12-05","Rap",0.437908496732026,0.508530958257324,0.818181818181818,0.722615219721329,0,0.48582412301778,0.357495376039303,0.0829366338728446,0.155216831258051,0.193571198521278,179813,"https://open.spotify.com/track/76IVpz47q3ghkxoUeTTEKb"
"vor der tür","Gzuz",0.136363636363636,"2019-12-23","Rap",0.845751633986928,0.718853954286941,0.363636363636364,0.718542336548767,0,0.198702546852475,0.0163461466717846,0.0891780387178674,0.169171318162301,0.26960777449484,171020,"https://open.spotify.com/track/2LgsKzO8lCeXk0TMd9veWW"
"nur zur info","Ufo361",0.136363636363636,"2019-12-20","Rap",0.684967320261438,0.331473334048718,0.727272727272727,0.477170418006431,1,0.505045651129265,0.178215859998657,0.0902359039458373,0.201373980249034,0.185085348605996,142232,"https://open.spotify.com/track/6Y7ZEVr7lgO8FKGk2vZ2hi"
"casino royal","Kianush",0.0454545454545454,"2019-12-05","Rap",0.712418300653595,0.669492434810602,0,0.715627009646302,0,0.240749639596348,0.357495376039303,0.141013434888395,0.493344783168742,0.38901880609973,171356,"https://open.spotify.com/track/3Dkfcd3DbXGVmM05KCRuFA"
"6am.........","Dardan",0,"2020-01-10","Rap",0.682352941176471,0.495654040133062,0,0.661093247588424,0,0.0397645362806343,0.579263101083802,0.169575796043584,0.368827823100043,0.297984960721437,185802,"https://open.spotify.com/track/36J10AwMabBYxgNrV2S8gd"
"alien","RIN",0.181818181818182,"2019-12-06","Rap",0.818300653594771,0.584719390492542,0.545454545454545,0.712197213290461,1,0.0391638635271504,0.30878938035196,0.0965830953136571,0.873336195792185,0.528979317491213,208947,"https://open.spotify.com/track/2RaKlveGCllSaXloN8kmzV"
"honda civic","The Cratez",0,"2019-09-27","Rap",0.647058823529412,0.778946238866831,0.0909090909090909,0.752497320471597,0,0.16866890917828,0.292208615862652,0.0594520258119116,0.329111206526406,0.216375169787014,158061,"https://open.spotify.com/track/0WFgtxiLNr99YaoSdYR3Ud"
"roller","Apache 207",0.227272727272728,"2019-08-23","Rap",0.939869281045752,0.753192402618307,0.909090909090909,0.70962486602358,0,0.144641999038924,0.0310615751560457,0.285940971120279,0.740231859167024,0.459013064848137,158853,"https://open.spotify.com/track/5dhQeuLGmlhfwlI6BWfSpo"
"mit dir","Loredana",0.0454545454545454,"2019-12-20","Rap",0.709803921568628,0.504238652215903,0.0909090909090909,0.735691318327974,0,0.374098990869774,0.164743988851094,0.0409393843224373,0.647917561185058,0.934360690630557,158049,"https://open.spotify.com/track/26FNTVsgF4m31xvDgFfhGW"
"karma","Nimo",0.0454545454545454,"2019-10-31","Rap",0.63921568627451,0.620130915334263,0,0.724630225080386,0,0.0607880826525709,0.144018033239459,0.336718502062837,0.524474023185917,0.682970887653508,255133,"https://open.spotify.com/track/6oX9RuILbVIglevEhbg8iM"
"der bratan bleibt der gleiche","Capital Bra",0.136363636363636,"2019-11-28","Rap",0.526797385620915,0.695246271059127,0,0.809260450160772,0,0.418548774627583,0.130546162091896,0.581085369723897,0.679046801202233,0.235034237463767,192147,"https://open.spotify.com/track/2M39v73rNJmAXUXIW0oagP"
"doch in der nacht","Apache 207",0.136363636363636,"2019-10-25","Rap",0.904575163398693,0.832600064384591,0.818181818181818,0.690975348338692,0,0.0605478135511773,0.125364673188987,0.204485348566593,0.717689995706312,0.479940627056698,191760,"https://open.spotify.com/track/3uhTOxvu2h2YEm0uPNF2vi"
"aleman: bzrp music sessions, vol. 15","Bizarrap",0.0454545454545454,"2019-09-13","Rap",0.789542483660131,0.888400042923061,0.181818181818182,0.7805359056806,1,0.114608361364728,0.132618757653059,0.108219612821327,0.651137827393731,0.451220366039797,174178,"https://open.spotify.com/track/7xRWmHZ2wt3zDgM5mAL0JU"
"ms. jackson","OutKast",0.0454545454545454,"2000-10-31","Rap",0.828758169934641,0.803626998605001,0.363636363636364,0.732132904608789,0,0.294810187409899,0.147126926581204,0.0607214640854755,0.617861743237441,0.227549605814067,270507,"https://open.spotify.com/track/0I3q5fE6wg7LIfHGngUTnV"
"dilemma","Nelly",0.0454545454545454,"2002-06-25","Rap",0.677124183006536,0.532138641485138,0.181818181818182,0.640900321543408,0,0.139836617011052,0.235212237930654,0.188617370147043,0.609274366680979,0.740362399002983,289160,"https://open.spotify.com/track/0ARK753YaiJbpLUk7z5yIM"
"brown eyed girl","Van Morrison",0.136363636363636,"1967-09","Rap",0.368627450980392,0.565404013306149,0.636363636363636,0.516998928188639,1,0.0168188370975493,0.188578837804475,0.409711202792764,0.931300987548304,0.617016509599093,183307,"https://open.spotify.com/track/3yrSvpt2l1xhsV9Em88Pul"
"dna.","Kendrick Lamar",0.136363636363636,"2017-04-14","Rap",0.56078431372549,0.501019422684838,0.0909090909090909,0.701350482315112,1,0.400528592023066,0.00467743366243387,0.0682323072040622,0.410691283812795,0.542387240418411,185947,"https://open.spotify.com/track/6HZILIRieu8S0iqY8kIKhj"
"look at me!","XXXTENTACION",0.136363636363636,"2017-02-20","Rap",0.724183006535948,0.718853954286941,0.0909090909090909,0.712454448017149,1,0.31042767900048,0.268373766909271,0.0824077012588596,0.332331472735079,0.536407936930251,126346,"https://open.spotify.com/track/7floNISpH8VF4z4459Qo18"
"bounce back","Big Sean",0,"2017-02-03","Rap",0.74640522875817,0.555746324712952,0.0909090909090909,0.745766345123258,0,0.14103796251802,0.107747610919097,0.115624669417116,0.25075139544869,0.133421085796704,222360,"https://open.spotify.com/track/0SGkqnVQo9KPytSri1H6cF"
"shoota (feat. lil uzi vert)","Playboi Carti",0.0454545454545454,"2018-05-11","Rap",0.607843137254902,0.636227062989591,0.0909090909090909,0.62550911039657,0,0.210716001922153,0.197905517829711,0.108219612821327,0.472949763847145,0.634499320851946,153800,"https://open.spotify.com/track/2BJSMvOGABRxokHKB0OI8i"
"juicy - 2005 remaster","The Notorious B.I.G.",0,"1994-09-13","Rap",0.888888888888889,0.815430840218908,0.818181818181818,0.786838156484459,1,0.268380586256607,0.489105194173188,0.194964561514863,0.791756118505797,0.235321300043409,302693,"https://open.spotify.com/track/5ByAIlEEnxYdvpnezg7HTX"
"ni**as in paris","JAY-Z",0.0454545454545454,"2011-08-08","Rap",0.756862745098039,0.861573130164181,0.0909090909090909,0.749453376205788,1,0.350072080730418,0.131582459872477,0.347297154342537,0.783168741949335,0.543185414420344,219333,"https://open.spotify.com/track/4Li2WHPkuyCdtmokzW2007"
"rockstar (feat. 21 savage)","Post Malone",0.545454545454545,"2018-04-27","Rap",0.491503267973856,0.497800193153772,0.454545454545455,0.723987138263666,0,0.0571840461316675,0.128473566530732,0.117740399873056,0.0961786174323744,0.681633596123955,218147,"https://open.spotify.com/track/0e7ipj03S05BNilyu5bRzt"
"look alive (feat. drake)","BlocBoy JB",0.136363636363636,"2018-02-09","Rap",0.93202614379085,0.563257860285438,0.909090909090909,0.66572347266881,1,0.296011532916867,0.00105039143039768,0.0902359039458373,0.596393301846286,0.54315040678868,181263,"https://open.spotify.com/track/4qKcDkK6siZ7Jp1Jb4m0aL"
"faucet failure","Ski Mask The Slump God",0.272727272727273,"2018-11-30","Rap",0.949019607843137,0.532138641485138,0.909090909090909,0.585209003215434,0,0.374098990869774,0.115001695383169,0.0798688247117317,0.617861743237441,0.262886309215409,145627,"https://open.spotify.com/track/1ThmUihH9dF8EV08ku5AXN"
"money longer","Lil Uzi Vert",0,"2016-05-27","Rap",0.766013071895425,0.549307865650821,0.454545454545455,0.651918542336549,0,0.142239308024988,0.0560363516680664,0.0934094996297472,0.470802919708029,0.516201531933962,198944,"https://open.spotify.com/track/0B8QzDH7YWih85V5SEMnyJ"
"lucky you (feat. joyner lucas)","Eminem",0.181818181818182,"2018-08-31","Rap",0.871895424836601,0.783238544908252,0.909090909090909,0.777663451232583,0,0.339259971167708,0.0649485125810696,0.113508938961176,0.574924860455131,0.634492319325613,244679,"https://open.spotify.com/track/60SdxE8apGAxMiRrpbmLY0"
"panini - dababy remix","Lil Nas X",0.272727272727273,"2019-09-13","Rap",0.664052287581699,0.581500160961477,0.454545454545455,0.746409431939978,0,0.0688370975492552,0.227958153466582,0.108219612821327,0.490124516960069,0.640352596866117,151040,"https://open.spotify.com/track/4SDgTLDYrJ2UrHbkRkg7MD"
"shotta flow","NLE Choppa",0,"2019-01-17","Rap",0.887581699346405,0.401223307221805,0.818181818181818,0.698606645230439,1,0.678039404132629,0.0814256472923197,0.118798265101026,0.440747101760412,0.40358198087183,160013,"https://open.spotify.com/track/4dAMdQ6g4kGmnc1MDHsg77"
"yes indeed","Lil Baby",0.227272727272728,"2018-05-18","Rap",0.986928104575163,0.311084880351969,0.454545454545455,0.587952840300107,0,0.608361364728496,0.0362430640589546,0.0934094996297472,0.56097037355088,0.402671782448574,142273,"https://open.spotify.com/track/6vN77lE9LK6HP2DewaN6HZ"
"camelot","NLE Choppa",0.409090909090909,"2019-09-13","Rap",0.755555555555556,0.704903959652323,0.636363636363636,0.761886387995713,1,0.453387794329649,0.0879543233099849,0.737649423463451,0.77565478746243,0.788336857434921,148759,"https://open.spotify.com/track/4sWuPniHClkInYAnzXAYUF"
"murder on my mind","YNW Melly",0.409090909090909,"2018-08-03","Rap",0.718954248366013,0.723146260328361,0,0.644715969989282,0,0.0336376741950985,0.150235819922949,0.0955252300856871,0.75203950193216,0.368007225575175,268434,"https://open.spotify.com/track/7eBqSVxrzQZtK2mmgRG6lC"
"pure cocaine","Lil Baby",0.0454545454545454,"2018-11-30","Rap",0.986928104575163,0.462388668312051,0.909090909090909,0.726773847802787,0,0.477414704469005,0.00128873991993149,0.100814556225537,0.0725633319021039,0.45232660720037,154024,"https://open.spotify.com/track/577YBGuskWkVDCxZrLRB4v"
"baby (lil baby feat. dababy)","Quality Control",0.136363636363636,"2019-08-16","Rap",0.994771241830065,0.436634832063526,0.909090909090909,0.675841371918542,1,0.411340701585776,0.099146339340268,0.138897704432455,0.45148132245599,0.318968535140661,142417,"https://open.spotify.com/track/5MPPttjfGap2C6j6eKcO6J"
"freddy krueger (feat. tee grizzley)","YNW Melly",0,"2018-11-23","Rap",0.816993464052288,0.606180920699646,0.636363636363636,0.723129689174705,1,0.0702787121576165,0.0951047779959991,0.0594520258119116,0.615714899098325,0.543346449525997,244506,"https://open.spotify.com/track/0hwkukpHcBJfGcIUxi1tK2"
"nuketown (feat. juice wrld)","Ski Mask The Slump God",0.0909090909090908,"2018-11-30","Rap",0.783006535947713,0.601888614658225,0.909090909090909,0.587481243301179,0,0.502642960115329,0.117074290944333,0.75563313233894,0.636109918419923,0.612745578536121,166400,"https://open.spotify.com/track/74lnM5V6ecvoTPV0fvptx9"
"shotta flow (feat. blueface) [remix]","NLE Choppa",0.181818181818182,"2019-06-20","Rap",0.895424836601307,0.488142504560575,0.181818181818182,0.782636655948553,1,0.476213358962037,0.0259837160311951,0.127261186924786,0.567410905968227,0.403525968661168,176632,"https://open.spotify.com/track/67XyC1GdSkKb9sbRRkUDXS"
"baby sitter (feat. offset)","DaBaby",0.136363636363636,"2019-03-01","Rap",0.840522875816994,0.723146260328361,0.0909090909090909,0.738263665594855,1,0.0412061508889957,0.0226675631333334,0.334602771606897,0.380635465865178,0.210465881562181,157693,"https://open.spotify.com/track/7f1zjZG77S891Uv4O68yfk"
"kill yourself (part iii)","$uicideBoy$",0.0454545454545454,"2015-09-21","Rap",0.711111111111111,0.668419358300247,0.454545454545455,0.683001071811361,0,0.0135752042287362,0.335733122647086,0.426637046440284,0.161657363675397,0.304783442790528,145078,"https://open.spotify.com/track/5XAPpyIoYF3QXP34Hv8Pvx"
"soldi in nero - feat. sfera ebbasta","Shiva",0.0454545454545454,"2019-11-28","Rap",0.704575163398693,0.650177057624209,0.545454545454545,0.77989281886388,0,0.314031715521384,0.154381011045276,0.158997143763885,0.329111206526406,0.668449722039405,183797,"https://open.spotify.com/track/1Xm2e1vDwOMeJJioWuG1s7"
"fuck 3x","tha Supreme",0.136363636363636,"2019-11-15","Rap",0.583006535947713,0.813284687198197,0.454545454545455,0.752454448017149,0,0.0705189812590101,0.0723062268232001,0.0923516344017772,0.698368398454272,0.823631551678266,161266,"https://open.spotify.com/track/5YxP1CkunbhUQVvctFOHa7"
"supreme - l'ego (feat. tha supreme & sfera ebbasta)","Marracash",0.0909090909090908,"2019-10-31","Rap",0.584313725490196,0.649103981113854,0.818181818181818,0.734619506966774,1,0.0439692455550216,0.071062669486502,0.111393208505236,0.504079003864319,0.54968983238346,223045,"https://open.spotify.com/track/020wG4EHTwBy5h2rbpxqvK"
"ansia no","FSK SATELLITE",0,"2019-12-05","Rap",0.802614379084967,0.667346281789892,0.0909090909090909,0.701350482315112,1,0.64440172993753,0.158526202167603,0.209774674706442,0.715543151567196,0.683958102866425,148500,"https://open.spotify.com/track/2yuYI5NFhevxa05se7Qht9"
"blun7 a swishland","tha Supreme",0.0909090909090908,"2019-11-08","Rap",0.631372549019608,0.789677003970383,0.636363636363636,0.730503751339764,1,0.265977895242672,0.134691353214223,0.248915688141331,0.565264061829111,0.472161931301024,167760,"https://open.spotify.com/track/0oR0Wr9N52K1vbAOuGvMJz"
"pookie (feat. capo plaza) - remix","Aya Nakamura",0,"2019-08-30","Rap",0.824836601307189,0.605107844189291,0.0909090909090909,0.6908038585209,1,0.126621816434407,0.060492432124568,0.0836771395324236,0.506225848003435,0.249464383235545,188401,"https://open.spotify.com/track/1MtmXPxXP4ntSjfF5xnOyM"
"kenny g","Matuê",0.136363636363636,"2019-09-04","Rap",0.271895424836601,0.762850091211503,0.818181818181818,0.845144694533762,1,0.204709274387314,0.0805966090678543,0.098698825769597,0.120867325032203,0.0709044571716634,189600,"https://open.spotify.com/track/3MkdA6vwF0ifRl86yzTlJW"
"gan-ga - remix","Bryant Myers",0.136363636363636,"2019-11-15","Rap",0.852287581699346,0.553600171692242,0.545454545454545,0.706795284030011,0,0.470206631427198,0.395838393920828,0.0693959589548292,0.382782310004294,0.193284135941635,193363,"https://open.spotify.com/track/27qRmG3zOWPvMYUkpPdQ1g"
"velitas","Darell",0.181818181818182,"2019-07-12","Rap",0.797385620915033,0.579354007940766,0.181818181818182,0.686559485530547,1,0.353676117251321,0.233139642369491,0.125145456468846,0.625375697724345,0.724692983070309,225542,"https://open.spotify.com/track/7q3NthaBqFI6s0WnAlnIvq"
"sad!","XXXTENTACION",0.5,"2018-03-16","Rap",0.694117647058824,0.597596308616804,0.727272727272727,0.777834941050375,1,0.145843344545891,0.267337469128689,0.109277478049297,0.46543580936024,0.0880581966868778,166606,"https://open.spotify.com/track/3ee8Jmje8o58CHK66QrVC2"
"c90 (remix)","John C",0.0909090909090908,"2019-12-18","Rap",0.860130718954248,0.756411632149372,0.0909090909090909,0.768403001071811,1,0.084214320038443,0.348168696014067,0.048344440918227,0.611421210820094,0.423634352288799,316000,"https://open.spotify.com/track/2b6i9zx3ULzKrNWmyP0ePD"
"goteo","Duki",0.136363636363636,"2019-08-07","Rap",0.345098039215686,0.775727009335766,0.0909090909090909,0.827352625937835,1,0.0213839500240269,0.192724028926802,0.179096583095314,0.427866036925719,0.320956968619159,164458,"https://open.spotify.com/track/1EoEU4HY57qaITp06TkC6B"
"ni bien ni mal","Bad Bunny",0.136363636363636,"2018-12-23","Rap",0.806535947712418,0.421611760918554,0.454545454545455,0.629924973204716,0,0.0526189332051898,0.576154207742056,0.26795726224479,0.319450407900386,0.45917409995379,236216,"https://open.spotify.com/track/278kSqsZIiYp8p3QjYAqa8"
"caro","Bad Bunny",0.0454545454545454,"2018-12-23","Rap",0.577777777777778,0.556819401223307,0,0.655262593783494,1,0.330850552618933,0.649731350163362,0.0808209034169047,0.223915843709747,0.6830759105485,229456,"https://open.spotify.com/track/6it15CsDlkqB7N4lF0C1qM"
"la playa","Myke Towers",0.136363636363636,"2019-04-09","Rap",0.767320261437909,0.672711664341668,0.909090909090909,0.868981779206859,0,0.15185007208073,0.111892802041424,0.0923516344017772,0.33662516101331,0.543752538053296,207731,"https://open.spotify.com/track/0jeS8PyyIRAG0A3t5DtL71"
"el efecto - remix","Rauw Alejandro",0,"2019-12-13","Rap",0.734640522875817,0.764996244232214,0,0.836827438370847,0,0.0550216242191254,0.186506242243311,0.344123558658627,0.95706311721769,0.73882206320978,289899,"https://open.spotify.com/track/74j34STf8L6uADnTN69ohv"
"mi error - remix","Eladio Carrion",0.136363636363636,"2019-11-18","Rap",0.593464052287582,0.842257752977787,0.636363636363636,0.84042872454448,1,0.0965881787602114,0.102047973125897,0.455199407595472,0.421425504508373,0.781195300575525,315862,"https://open.spotify.com/track/0lbhKycRyqkOMKZ6thzfU4"
"bubalu","Becky G",0,"2018-11-06","Rap",0.772549019607843,0.320742568945166,0.545454545454545,0.538177920685959,0,0.0791686689091783,0.638332074576963,0.103988151909447,0.229282954057535,0.584508422836178,228493,"https://open.spotify.com/track/7dNwJbsT0sg1le5kVugGJb"
"bad vibes forever","XXXTENTACION",0.0909090909090908,"2019-11-22","Rap",0.77124183006536,0.504238652215903,0.727272727272727,0.766130760986066,1,0.0577847188851514,0.346096100452904,0.0395641595260764,0.758480034349506,0.472105919090362,150475,"https://open.spotify.com/track/69dXVFCMiz3SL1L7M24NdX"
"robbery","Juice WRLD",0.545454545454545,"2019-03-08","Rap",0.622222222222222,0.682369352934864,0.181818181818182,0.767459807073955,1,0.0265497357039885,0.339878313769413,0.141013434888395,0.578145126663804,0.682788847968857,240051,"https://open.spotify.com/track/6Hj9jySrnFppAI0sEMCZpJ"
"fuck love (feat. trippie redd)","XXXTENTACION",0.363636363636364,"2017-08-25","Rap",0.768627450980392,0.511750187788389,0,0.569474812433012,0,0.0211436809226333,0.0177969635645991,0.0881201734898974,0.310863031343924,0.480234691162673,146520,"https://open.spotify.com/track/7AQim7LbvFVZJE3O8TYgf2"
"love me more","Trippie Redd",0.0454545454545454,"2019-11-01","Rap",0.56078431372549,0.518188646850521,0.909090909090909,0.736120042872454,1,0.0321960595867371,0.227958153466582,0.234105574949751,0.222842421640189,0.146576953775923,143713,"https://open.spotify.com/track/2NSWi83peog6gHerzlMCqU"
"gone girl","iann dior",0,"2019-07-04","Rap",0.611764705882353,0.705977036162678,1,0.745380493033226,1,0.0061268620855358,0.167852882192839,0.0550089918544377,0.338772005152426,0.227619621077395,136568,"https://open.spotify.com/track/6G0FACzGN80Dj2v4ass5rq"
"hear me calling","Juice WRLD",0.136363636363636,"2019-03-08","Rap",0.640522875816993,0.677003970383088,0.636363636363636,0.815691318327974,0,0.098990869774147,0.319152358157778,0.107161747593357,0.493344783168742,0.185442426448966,189977,"https://open.spotify.com/track/13ZyrkCDmRz5xY3seuAWYk"
"broken","Lund",0.0454545454545454,"2016-10-25","Rap",0.809150326797386,0.563257860285438,0,0.873054662379421,1,0.0231859682844786,0.0438080378572015,0.0944673648577171,0.113353370545298,0.500980213686584,200627,"https://open.spotify.com/track/2BmCen4Ww7ps0EBbobxWsH"
"jocelyn flores","XXXTENTACION",0.454545454545455,"2017-08-25","Rap",0.866666666666667,0.359373323317953,0,0.59502679528403,0,0.262373858721768,0.485996300831442,0.293346027716069,0.426792614856161,0.501134247265904,119133,"https://open.spotify.com/track/7m9OqQk4RVRkw9JJdeAw96"
"emotions","iann dior",0.181818181818182,"2019-05-22","Rap",0.550326797385621,0.615838609292843,0.818181818181818,0.720771704180064,1,0.0191013935607881,0.0135481426642138,0.129376917380726,0.132674967797338,0.126489574727291,131213,"https://open.spotify.com/track/5ls62WNKHUUrdF3r1cv83T"
"black & white","Juice WRLD",0.227272727272728,"2018-12-10","Rap",0.741176470588235,0.729584719390493,0.636363636363636,0.789324758842444,1,0.268380586256607,0.0830837237412505,0.147360626256215,0.20781451266638,0.598630501449316,186945,"https://open.spotify.com/track/1fCeXjoRExPP2qwSBh2aST"
"save that shit","Lil Peep",0.181818181818182,"2017-08-15","Rap",0.42483660130719,0.565404013306149,0.181818181818182,0.615262593783494,1,0.00624699663623258,0.027123643589835,0.424521315984344,0.113353370545298,0.304923473317183,231547,"https://open.spotify.com/track/0S0vWvyZ6Rc79TXkWxT9QA"
"nowadays (feat. landon cube)","Lil Skies",0,"2017-12-12","Rap",0.700653594771242,0.633007833458526,0.545454545454545,0.687502679528403,0,0.175876982220086,0.16267139328993,0.336718502062837,0.45148132245599,0.122855782560598,203908,"https://open.spotify.com/track/2u7mxWSeoqTXndK5e08jMp"
"falling down - bonus track","Lil Peep",0.318181818181818,"2018-11-09","Rap",0.601307189542484,0.555746324712952,0.363636363636364,0.710868167202572,0,0.00600672753483902,0.0181078528987736,0.133608378292606,0.25075139544869,0.403056866396875,196400,"https://open.spotify.com/track/4jvjzW7Hm0yK4LvvE0Paz9"
"empty","Juice WRLD",0.181818181818182,"2019-03-08","Rap",0.700653594771242,0.541796330078335,0,0.778306538049303,1,0.0685968284478616,0.0785240135066908,0.119856130328996,0.439673679690854,0.105800064414042,248431,"https://open.spotify.com/track/41MCdlvXOl62B7Kv86Bb1v"
"por eso vine","Paulo Londra",0.0454545454545454,"2019-05-23","Rap",0.720261437908497,0.633007833458526,0.727272727272727,0.770632368703108,0,0.491830850552619,0.241430024614145,0.0748968581402729,0.628595963933019,0.8791326509179,178534,"https://open.spotify.com/track/5qN1G8fSHq4Sv5FRoOkNGu"
"tal vez","Paulo Londra",0.0909090909090908,"2019-04-03","Rap",0.836601307189543,0.642665522051722,0.727272727272727,0.862765273311897,1,0.098990869774147,0.275627851373343,0.0617793293134455,0.773507943323315,0.696791900634338,264483,"https://open.spotify.com/track/46lvmzK8wxAy66tjzXXSh0"
"te boté - remix","Nio Garcia",0.181818181818182,"2018-04-13","Rap",0.90718954248366,0.664127052258826,1,0.83935691318328,0,0.22873618452667,0.561646038813912,0.0421030360732043,0.43215972520395,0.238478988419475,417920,"https://open.spotify.com/track/3V8UKqhEK5zBkBb6d6ub8i"
"infeliz","Arcangel",0.363636363636364,"2019-12-20","Rap",0.658823529411765,0.796115463032514,0.0909090909090909,0.852132904608789,1,0.234742912061509,0.37925762943152,0.239394901089601,0.731644482610562,0.795562432610309,221103,"https://open.spotify.com/track/4z6wo6PJG4Fve45OXK6D9m"
"imaginate","Rich Music LTD",0,"2019-10-11","Rap",0.630065359477124,0.74568086704582,0,0.803772775991425,1,0.245555021624219,0.327442740402432,0.0646355654289644,0.679046801202233,0.752229986136978,225013,"https://open.spotify.com/track/29ShXDWDedEwZkYc8Du08N"
"bellaquita","Dalex",0.272727272727273,"2019-09-06","Rap",0.490196078431373,0.688807811996995,0.727272727272727,0.817234726688103,1,0.098990869774147,0.0932394419909519,0.160055008991854,0.778875053671104,0.725365129598252,204787,"https://open.spotify.com/track/1tpbAGsGpZee5jDHMcLrUJ"
"aventura","Lunay",0.590909090909091,"2019-10-25","Rap",0.679738562091503,0.718853954286941,0.454545454545455,0.84951768488746,1,0.0223450264296012,0.231067046808327,0.0860044430339575,0.898024903392014,0.207098147396132,217130,"https://open.spotify.com/track/37zdqI4r1gswIzczSBkRon"
"te quemaste","Manuel Turizo",0.318181818181818,"2019-08-23","Rap",0.679738562091503,0.769288550273635,0,0.880471596998928,1,0.129024507448342,0.633150585674054,0.282767375436369,0.728424216401889,0.795422402083654,199091,"https://open.spotify.com/track/4fj7e6Tc48Bmomwyz2Z2XC"
"otro trago - remix","Sech",0.454545454545455,"2019-07-26","Rap",0.674509803921569,0.787530850949673,0,0.887116827438371,1,0.208313310908217,0.0736534139379564,0.0428435417327832,0.776728209531988,0.794967302872026,287773,"https://open.spotify.com/track/4bTZeO72FwMa6wKOiqoynL"
"dollar","Becky G",0,"2019-07-10","Rap",0.85359477124183,0.476338662946668,0.181818181818182,0.692304394426581,1,0.303219605958674,0.240393726833563,0.674177509785253,0.705882352941176,0.101844202036044,203486,"https://open.spotify.com/track/4ziiAuFyXiY1HNSLGM1xv8"
"un peso","J Balvin",0.136363636363636,"2019-06-28","Rap",0.54640522875817,0.664127052258826,0.454545454545455,0.681586280814577,0,0.227534839019702,0.129509864311314,0.0620966888818365,0.989265779304422,0.118073740075336,277107,"https://open.spotify.com/track/7hynhxDoDpgMIV12JuVtNa"
"que pretendes","J Balvin",0.454545454545455,"2019-06-28","Rap",0.562091503267974,0.788603927460028,0.909090909090909,0.796570203644159,0,0.275588659298414,0.0284708307045913,0.362107267534116,0.965650493774152,0.211145029616456,222347,"https://open.spotify.com/track/25ZAibhr3bdlMCLmubZDVt"
"cuaderno","Dalex",0.318181818181818,"2019-05-10","Rap",0.616993464052288,0.635153986479236,0.0909090909090909,0.771789924973205,0,0.428159538683325,0.54299267876344,0.0891780387178674,0.695148132245599,0.767178244857379,286507,"https://open.spotify.com/track/7anSoGdgtmJTAPZBzcPhO6"
"la cartera","Farruko",0,"2019-04-26","Rap",0.734640522875817,0.793969310011804,0.909090909090909,0.81101822079314,0,0.0675156174915906,0.0398701062909908,0.209774674706442,0.640403606698154,0.178811981011861,289907,"https://open.spotify.com/track/1g2Z2lOrwayOzDqOc8EfbR"
"verte ir","DJ Luian",0.318181818181818,"2019-03-28","Rap",0.847058823529412,0.634080909968881,1,0.809046087888531,0,0.0898606439211917,0.405165073946064,0.0682323072040622,0.551309574924861,0.234803187094787,267500,"https://open.spotify.com/track/4lzxJ4jCuFDXXGkE1LmpKR"
"la forma en que me miras","Super Yei",0.0454545454545454,"2018-08-04","Rap",0.584313725490196,0.650177057624209,0.0909090909090909,0.927588424437299,1,0.20110523786641,0.154381011045276,0.148418491484185,0.572778016316015,0.89295366389873,307435,"https://open.spotify.com/track/6t94PGXYAuo9GbJEnMpPcW"
"si se da","Myke Towers",0.0909090909090908,"2019-02-26","Rap",0.811764705882353,0.701684730121258,1,0.7502679528403,0,0.363286881307064,0.387548011676174,0.0719348355019571,0.712322885358523,0.220765126797642,237013,"https://open.spotify.com/track/5KbBGUpIZd6gVFUU8tqYiQ"
"otra noche en miami","Bad Bunny",0.0909090909090908,"2018-12-23","Rap",0.398692810457516,0.633007833458526,0.0909090909090909,0.608360128617363,1,0.302018260451706,0.204123304513201,0.0805035438485137,0.276513525118076,0.183545012812793,233128,"https://open.spotify.com/track/4vCAzANUWDE24URV6wQ4ra"
"si estuviésemos juntos","Bad Bunny",0.136363636363636,"2018-12-23","Rap",0.605228758169935,0.577207854920056,0.0909090909090909,0.694962486602358,0,0.0664344065353195,0.0648448828030114,0.139955569660425,0.127307857449549,0.766022993012477,169248,"https://open.spotify.com/track/35wvL50xvKpCHEJPxLOLPI"
"amanece","Anuel AA",0.181818181818182,"2018-12-14","Rap",0.759477124183007,0.616911685803198,0.727272727272727,0.749153269024652,0,0.0227054300816915,0.452834771852826,0.146302761028245,0.911979390296265,0.221199221430272,190005,"https://open.spotify.com/track/1LiN0Z98FkR1t0m8KmLcAH"
"adictiva","Daddy Yankee",0.0454545454545454,"2018-11-09","Rap",0.756862745098039,0.767142397252924,0.363636363636364,0.849603429796356,0,0.0392839980778472,0.301535295887887,0.161112874219824,0.710176041219407,0.256199851567642,207853,"https://open.spotify.com/track/6MJUCumnQsQEKbCy28tbCP"
"mia (feat. drake)","Bad Bunny",0.318181818181818,"2018-10-11","Rap",0.794771241830065,0.518188646850521,0.545454545454545,0.714855305466238,0,0.0462518020182604,0.0145844404447956,0.0838887125780176,0.127307857449549,0.242364835534146,210368,"https://open.spotify.com/track/116H0KvKr2Zl4RPuVBruDO"
"zombie","The Cranberries",0.181818181818182,"1994-10-03","Rock",0.128104575163399,0.621203991844619,0.636363636363636,0.603043944265809,1,0.0123738587217684,0.0160352573376101,0.366338728445996,0.285100901674538,0.731883550614034,306427,"https://open.spotify.com/track/2IZZqH4K02UIYg5EohpNHF"
"we are the champions - remastered 2011","Queen",0,"1977-10-28","Rock",0.077124183006536,0.432342526022105,0.909090909090909,0.68951768488746,1,0.0132148005766458,0.391693202798501,0.103988151909447,0.145556032632031,0.012119642081974,179200,"https://open.spotify.com/track/1lCRw5FEZ1gPDNPzy1K4zW"
"have you ever seen the rain","Creedence Clearwater Revival",0.0909090909090908,"1970-12-07","Rock",0.695424836601307,0.68773473548664,0,0.685744908896034,1,0.00492551657856799,0.0687828143692221,0.119856130328996,0.788535852297123,0.375722907593855,160133,"https://open.spotify.com/track/2LawezPeJhN4AWuSB0GtAU"
"should i stay or should i go - remastered","The Clash",0.136363636363636,"1982","Rock",0.696732026143791,0.833673140894946,0.181818181818182,0.709967845659164,1,0.109802979336857,0.0818401664045524,0.385380302549455,0.833619579218549,0.356580734600143,188987,"https://open.spotify.com/track/39shmbIHICJ2Wxnk1fPSdz"
"highway to hell","AC/DC",0.318181818181818,"1979-07-27","Rock",0.475816993464052,0.919519261723361,0.545454545454545,0.781564844587353,0,0.13022585295531,0.0612178405709752,0.144187030572305,0.410691283812795,0.372964306218756,208400,"https://open.spotify.com/track/2zYzyRzz6pRmhPzyfMEC8s"
"come together - remastered 2009","The Beatles",0.136363636363636,"1969-09-26","Rock",0.423529411764706,0.343277175662625,0.818181818181818,0.47631296891747,0,0.0188611244593945,0.0312688347121621,0.0771183751190098,0.158437097466724,0.718083542212202,259947,"https://open.spotify.com/track/2EqlS6tkEnglzr7tkKAAYD"
"another brick in the wall, pt. 2","Pink Floyd",0,"1979-11-30","Rock",0.633986928104575,0.362592552849018,0,0.306195069667738,1,0.0230658337337818,0.0809074984020288,0.240452766317571,0.729497638471447,0.291823617548626,238747,"https://open.spotify.com/track/4gMgiXfqyzZLMhsksGmbQV"
"all along the watchtower","Jimi Hendrix",0,"1968-10-25","Rock",0.299346405228758,0.803626998605001,0.727272727272727,0.719657020364416,1,0.0466122056703508,0.00261520107907615,0.0682323072040622,0.563117217689996,0.355726548387548,240800,"https://open.spotify.com/track/2aoo2jlRnM3A0NyLQqMN2f"
"(i can't get no) satisfaction - mono version","The Rolling Stones",0,"1965-07-30","Rock",0.671895424836601,0.865865436205602,0.181818181818182,0.648788853161844,1,0.0122537241710716,0.0396628467348744,0.114566804189146,0.95706311721769,0.517104728830885,222813,"https://open.spotify.com/track/2PzU4IB8Dr6mxV3lHuaG34"
"wish you were here","Pink Floyd",0,"1975-09-12","Rock",0.355555555555556,0.220946453482133,0.636363636363636,0.312668810289389,1,0.0213839500240269,0.761651510466193,0.859303924679996,0.360240446543581,0.42315124697184,334744,"https://open.spotify.com/track/6mFkJmJqdDVQ1REhVfGgd1"
"jump - 2015 remaster","Van Halen",0.0909090909090908,"1984-01-04","Rock",0.474509803921569,0.835819293915656,0,0.72042872454448,1,0.00973089860643921,0.177179562218075,0.0534221940124828,0.812151137827394,0.472939100723958,241600,"https://open.spotify.com/track/7N3PAbqfTjSEU1edb2tY8j"
"dust in the wind","Kansas",0.0454545454545454,"1977","Rock",0.347712418300654,0.285331044103445,0.636363636363636,0.528874598070739,1,0.00564632388274868,0.380293927212102,0.0955252300856871,0.373121511378274,0.217446403315923,206267,"https://open.spotify.com/track/6zeE5tKyr8Nu882DQhhSQI"
"a horse with no name","America",0.0454545454545454,"1972","Rock",0.581699346405229,0.482777122008799,1,0.250503751339764,0,0.0359202306583373,0.710872919217686,0.143129165344335,0.849720910261915,0.425223698766331,252240,"https://open.spotify.com/track/54eZmuggBFJbV7k248bTTt"
"you're beautiful","James Blunt",0,"2005-08-08","Rock",0.609150326797386,0.453804056229209,0,0.56390139335477,0,0.00504565112926477,0.655949136846853,0.072252195070348,0.445040790038643,0.136893842857743,209493,"https://open.spotify.com/track/0vg4WnUWvze6pBOJDTq99k"
"feel good inc.","Gorillaz",0.181818181818182,"2005-05-23","Rock",0.796078431372549,0.696319347569482,0.545454545454545,0.700707395498392,1,0.184286400768861,0.00863609118425623,0.627631439754575,0.786389008158008,0.532907173763881,222640,"https://open.spotify.com/track/0d28khcov6AiegSCpG5TuT"
"welcome to the black parade","My Chemical Romance",0.0909090909090908,"2006-10-23","Rock",0.0104575163398693,0.91093464964052,0.181818181818182,0.811146838156484,1,0.0619894281595387,0.000272131797180773,0.214006135618322,0.211034778875054,0.24158066458488,311107,"https://open.spotify.com/track/5wQnmLuC1W7ATsArWACrgW"
"bohemian rhapsody - 2011 mix","Queen",0.363636363636364,"1975-11-21","Rock",0.26797385620915,0.37332331795257,0,0.561414790996784,0,0.0315953868332532,0.280809340276252,0.296519623399979,0.198153714040361,0.0606262165152004,354320,"https://open.spotify.com/track/4u7EnebtmKWzUH433cf5Qv"
"another one bites the dust - remastered 2011","Queen",0.272727272727273,"1980-06-27","Rock",0.94640522875817,0.506384805236613,0.454545454545455,0.709581993569132,0,0.165064872657376,0.116037993163751,0.151592087168095,0.767067410905968,0.332719532858163,214653,"https://open.spotify.com/track/5vdp5UmvTsnMEMESIF2Ym7"
"kickstart my heart","Mötley Crüe",0,"1989","Rock",0.198692810457516,0.980684622813607,0.636363636363636,0.7805359056806,0,0.312830370014416,0.00172398498777583,0.356817941394266,0.230356376127093,0.816174926133897,282920,"https://open.spotify.com/track/7GonnnalI2s19OCQO1J7Tf"
"mr. blue sky","Electric Light Orchestra",0.136363636363636,"1977","Rock",0.233986928104575,0.302500268269128,0.909090909090909,0.556012861736334,1,0.0110523786641038,0.675638794677906,0.241510631545541,0.469729497638471,0.807542044165628,303373,"https://open.spotify.com/track/2RlgNHKcydI9sayD2Df2xp"
"hotel california - 2013 remaster","Eagles",0.272727272727273,"1976-12-08","Rock",0.483660130718954,0.48492327502951,0.181818181818182,0.580450160771704,1,0.00408457472369054,0.005920990999132,0.0399873056172644,0.611421210820094,0.592882248330136,391376,"https://open.spotify.com/track/40riOy7x9W7GXjyGp4pjAv"
"whole lotta love - 1990 remaster","Led Zeppelin",0,"1969-10-22","Rock",0.265359477124183,0.907715420109454,0.818181818181818,0.4897320471597,1,0.45819317635752,0.0501294543187503,0.407595472336824,0.410691283812795,0.19109965972582,333893,"https://open.spotify.com/track/0hCB0YR03f6AmQaHbwWDe8"
"t.n.t.","AC/DC",0.0454545454545454,"1976-05-14","Rock",0.712418300653595,0.754265479128662,0.818181818181818,0.763344051446945,1,0.334454589139837,0.158526202167603,0.0860044430339575,0.424645770717046,0.447544564715108,214667,"https://open.spotify.com/track/7LRMbd3LEoV5wZJvXT1Lwb"
"under the bridge","Red Hot Chili Peppers",0.227272727272728,"1991-09-24","Rock",0.457516339869281,0.310011803841614,0.363636363636364,0.408445873526259,1,0.026790004805382,0.0596633939001026,0.128319052152756,0.449334478316874,0.154978785375212,264307,"https://open.spotify.com/track/3d9DChrdc6BOeFsbrZ3Is0"
"crazy train","Ozzy Osbourne",0.0454545454545454,"1980-09-20","Rock",0.318954248366013,0.912007726150875,0.818181818181818,0.815519828510182,1,0.109802979336857,0.374076140528611,0.254205014281181,0.46543580936024,0.526017671852464,296200,"https://open.spotify.com/track/2b9lp5A6CqSzwOrBfAFhof"
"you make my dreams","Daryl Hall & John Oates",0.0454545454545454,"1980","Rock",0.708496732026144,0.477411739457023,0.454545454545455,0.466109324758842,1,0.0379625180201826,0.242466322394727,0.0285623611551888,0.925933877200515,0.732443672720653,190627,"https://open.spotify.com/track/4o6BgsqLIBViaGVbx5rbRk"
"everlong","Foo Fighters",0.0454545454545454,"1997-05-20","Rock",0.265359477124183,0.88625388990235,1,0.749539121114684,0,0.0159778952426718,3.44050863153147e-05,0.0643182058605734,0.339845427221984,0.66948594793665,250547,"https://open.spotify.com/track/5UWwZ5lm5PKu6eKsHAGxOk"
"start me up - remastered","The Rolling Stones",0,"1981-08-24","Rock",0.551633986928105,0.93990771542011,0.454545454545455,0.809474812433012,1,0.0141758769822201,0.0451552249719578,0.0762720829366339,1,0.419972554016776,213067,"https://open.spotify.com/track/7HKez549fwJQDzx3zLjHKC"
"rocket man (i think it's going to be a long, long time)","Elton John",0.227272727272728,"1972-05-19","Rock",0.512418300653595,0.510677111278034,0.909090909090909,0.59609860664523,1,0.00600672753483902,0.447653282949917,0.0770125885962128,0.323744096178617,0.518988139414392,281613,"https://open.spotify.com/track/3gdewACMIVMEWVbyb8O9sY"
"stairway to heaven - remaster","Led Zeppelin",0.0909090909090908,"1971-11-08","Rock",0.168627450980392,0.304646421289838,0.818181818181818,0.47048231511254,0,0.0123738587217684,0.601025354476019,0.101872421453507,0.169171318162301,0.139939506812485,482830,"https://open.spotify.com/track/5CQ30WqJwcep0pYcV4AMNc"
"the chain - 2004 remaster","Fleetwood Mac",0.0909090909090908,"1977-02-04","Rock",0.43921568627451,0.65876166970705,0.818181818181818,0.609346195069668,1,0.0312349831811629,0.00929932176382856,0.0268697767904369,0.474023185916702,0.623885006931511,270213,"https://open.spotify.com/track/5e9TFTbltYBg2xThimr0rU"
"californication","Red Hot Chili Peppers",0.227272727272728,"1999-06-08","Rock",0.500653594771242,0.762850091211503,0.818181818181818,0.867524115755627,0,0.00408457472369054,0.00214886707781436,0.113508938961176,0.309789609274367,0.23831095178749,329733,"https://open.spotify.com/track/48UPSzbZjgc449aqz8bxox"
"how you remind me","Nickelback",0.0909090909090908,"2001-09-11","Rock",0.309803921568628,0.759630861680438,0.909090909090909,0.770889603429796,1,0.0112926477654974,0.00137164374237803,0.0838887125780176,0.540575354229283,0.767703359332334,223840,"https://open.spotify.com/track/0gmbgwZ8iqyMPmXefof8Yf"
"dreams - 2004 remaster","Fleetwood Mac",0.136363636363636,"1977-02-04","Rock",0.809150326797386,0.467754050863827,0,0.56930332261522,1,0.00480538202787121,0.0667102188080586,0.114566804189146,0.80463718334049,0.404023077030793,257800,"https://open.spotify.com/track/0ofHAoxe9vBkTCp2UQIavz"
"landslide","Fleetwood Mac",0.0454545454545454,"1975-07-11","Rock",0.26797385620915,0.112565725936259,0.636363636363636,0.030139335476956,0,0.009851033157136,0.915023581992295,0.102930286681477,0.411764705882353,0.678650945906208,199493,"https://open.spotify.com/track/5ihS6UUlyQAfmp48eSkxuQ"
"everybody wants to rule the world","Tears For Fears",0.181818181818182,"1985-02-25","Rock",0.569934640522876,0.792896233501449,0.636363636363636,0.468510182207931,1,0.0349591542527631,0.359567971600467,0.0891780387178674,0.531987977672821,0.347422738156918,251489,"https://open.spotify.com/track/4RvWPyQ5RL0ao9LPZeSouE"
"billie jean","Michael Jackson",0.227272727272728,"1982-11-30","Rock",0.929411764705883,0.641592445541367,1,0.856248660235798,0,0.0198222008649688,0.0244292693603224,0.0171374166931133,0.866895663374839,0.382283337767633,293827,"https://open.spotify.com/track/5ChkMS8OtdzJeqyybCc9R5"
"bitter sweet symphony","The Verve",0.0909090909090908,"1997-09-29","Rock",0.192156862745098,0.923811567764782,0.818181818181818,0.729560557341908,1,0.0291926958193176,0.0346886173880819,0.408653337564794,0.513739802490339,0.761275958158879,357267,"https://open.spotify.com/track/57iDDD9N9tTWe75x6qhStw"
"wonderwall - remastered","Oasis",0.136363636363636,"1995-10-02","Rock",0.220915032679739,0.901276961047323,0.181818181818182,0.812733118971061,1,0.0205430081691494,0.000441048335415601,0.184385909235163,0.461142121082009,0.783162729475026,258773,"https://open.spotify.com/track/5qqabIl2vWzo9ApSC317sa"
"iris","The Goo Goo Dolls",0.0454545454545454,"1998-09-11","Rock",0.138562091503268,0.707050112673034,1,0.640986066452304,0,0.0151369533877943,0.00126801396431985,0.0788109594837618,0.491197939029626,0.654495680058253,289533,"https://open.spotify.com/track/6Qyc6fS4DsZjB2mRW9DsQs"
"mr. brightside","The Killers",0.0454545454545454,"2004-06-07","Rock",0.186928104575163,0.935615409378689,0.0909090909090909,0.827995712754555,1,0.0627102354637194,0.00114365823065004,0.0835713530096266,0.214255045083727,0.599190623555935,222107,"https://open.spotify.com/track/7d8GetOsjbxYnlo6Y9e5Kw"
"chasing cars","Snow Patrol",0.0454545454545454,"2006-01-01","Rock",0.462745098039216,0.575061701899345,0.818181818181818,0.791082529474812,1,0.00480538202787121,0.216558877880182,0.118798265101026,0.103692571919279,0.291053449652024,267933,"https://open.spotify.com/track/11bD1JtSjlIgKgZG2134DZ"
"scar tissue","Red Hot Chili Peppers",0,"1999-06-08","Rock",0.504575163398693,0.709196265693744,0,0.781136120042872,1,0.00708793849111004,0.0807002388459125,0.0934094996297472,0.544869042507514,0.185701482923277,215907,"https://open.spotify.com/track/1G391cbiT3v3Cywg8T7DM1"
"otherside","Red Hot Chili Peppers",0.0909090909090908,"1999-06-08","Rock",0.325490196078431,0.792896233501449,0,0.847073954983923,1,0.0406054781355118,0.00324734272523103,0.0591346662435206,0.50837269214255,0.425573775082968,255373,"https://open.spotify.com/track/64BbK9SFKH2jk86U3dGj2P"
"somewhere only we know","Keane",0.0454545454545454,"2004-01-01","Rock",0.312418300653595,0.653396287155274,0.818181818181818,0.806859592711683,1,0.00288322921672273,0.0621505085734988,0.0667512958849043,0.284027479604981,0.767073221962388,237147,"https://open.spotify.com/track/1SKPmfSYaPsETbRHaiA18G"
"tiny dancer","Elton John",0.136363636363636,"1971-11-05","Rock",0.26797385620915,0.399077154201095,0,0.511296891747052,1,0.00504565112926477,0.395838393920828,0.135724108748545,0.26041219407471,0.578529119348018,377093,"https://open.spotify.com/track/2TVxnKdb3tqe1nhQWwwZCO"
"last resort","Papa Roach",0.136363636363636,"2001-04-25","Rock",0.496732026143791,0.894838501985192,0.363636363636364,0.827609860664523,0,0.0440893801057184,0.000471100971052472,0.191790965830953,0.700515242593388,0.197106969319312,199907,"https://open.spotify.com/track/5W8YXBz9MTIDyrpYaCg2Ky"
"can't stop","Red Hot Chili Peppers",0.181818181818182,"2002-07-09","Rock",0.534640522875817,0.946346174482241,0.818181818181818,0.839485530546624,1,0.0264296011532917,0.0185223720110063,0.155823548079975,0.896951481322456,0.20310727738647,269000,"https://open.spotify.com/track/3ZOEytgrvLwQaqXreDs2Jx"
"in the air tonight - 2015 remastered","Phil Collins",0,"1981-01-01","Rock",0.309803921568628,0.196265693743964,0,0.3891961414791,1,0.00961076405574244,0.570972718839148,0.0528932613984978,0.277586947187634,0.889620937364346,336453,"https://open.spotify.com/track/18AXbzPzBS8Y3AkgSxzJPb"
"drops of jupiter","Train",0.0454545454545454,"2001-03-27","Rock",0.338562091503268,0.626569374396395,0,0.735734190782422,1,0.00468524747717444,0.159562499948185,0.142071300116365,0.493344783168742,0.117982720233011,259933,"https://open.spotify.com/track/2hKdd3qO7cWr2Jo0Bcs0MA"
"your body is a wonderland","John Mayer",0.0454545454545454,"2001-08-16","Rock",0.572549019607843,0.722073183818006,0.454545454545455,0.719056806002144,1,0,0.0213203760185771,0.120913995556966,0.695148132245599,0.220996177166622,249627,"https://open.spotify.com/track/7vFv0yFGMJW3qVXbAd9BK9"
"bring me to life","Evanescence",0.0909090909090908,"2003-01-01","Rock",0.159477124183007,0.951711557034017,0.363636363636364,0.85037513397642,0,0.0555021624219125,0.0074443487365872,0.235163440177721,0.275440103048519,0.225211096018932,235893,"https://open.spotify.com/track/0COqiPhxzoWICwFCS4eZcp"
"snow (hey oh)","Red Hot Chili Peppers",0.136363636363636,"2006-05-09","Rock",0.284967320261438,0.905569267088744,1,0.829539121114684,1,0.0315953868332532,0.120183184286078,0.105046017137417,0.600686990124517,0.295527424978645,334667,"https://open.spotify.com/track/2aibwv5hGXSgw7Yru8IYTO"
"dani california","Red Hot Chili Peppers",0,"2006-05-09","Rock",0.45359477124183,0.919519261723361,0,0.885873526259378,1,0.0241470446900529,0.0199731889038208,0.345181423886597,0.741305281236582,0.236217495414,282160,"https://open.spotify.com/track/10Nmj3JCNoMeBQ87uw5j8k"
"teenagers","My Chemical Romance",0.0454545454545454,"2006-10-23","Rock",0.33202614379085,0.85942697714347,0.363636363636364,0.855734190782422,1,0.047573282075925,0.0524093094360302,0.173807256955464,0.876556462000859,0.344482097097167,161920,"https://open.spotify.com/track/7j31rVgGX9Q2blT92VBEA0"
"do i wanna know?","Arctic Monkeys",0.272727272727273,"2013-09-09","Rock",0.443137254901961,0.510677111278034,0.454545454545455,0.661393354769561,1,0.0104517059106199,0.192724028926802,0.208716809478472,0.392443108630314,0.158122470698612,272394,"https://open.spotify.com/track/5FVd6KXrgO9B3JPmC8OPst"
"falling for u","Peachy!",0.0909090909090908,"2017-08-14","Rock",0.401307189542484,0.323961798476231,0.727272727272727,0.471811361200429,0,0.481018740989909,0.767869297149684,0.0651644980429493,0.383855732073851,0.119467043815552,124000,"https://open.spotify.com/track/0sHFw13WH3LtSB3yP8UMYJ"
"let it be - remastered 2009","The Beatles",0.136363636363636,"1970-05-08","Rock",0.305882352941177,0.372250241442215,0,0.629539121114684,1,0.0103315713599231,0.653876541285689,0.0965830953136571,0.397810218978102,0.567235657373307,243027,"https://open.spotify.com/track/7iN1s7xHE4ifF5povM6A48"
"killing in the name","Rage Against The Machine",0.0909090909090908,"1992","Rock",0.335947712418301,0.833673140894946,0.636363636363636,0.806345123258307,1,0.336857280153772,0.0275381627020677,0.0137522479636094,0.667239158437097,0.184413202078053,313573,"https://open.spotify.com/track/59WN2psjkt1tyaxjspN8fp"
"the kids aren't alright","The Offspring",0,"1998-11-16","Rock",0.410457516339869,0.951711557034017,0.0909090909090909,0.806859592711683,1,0.0121335896203748,0.0072681781138883,0.0404104517084524,0.779948475740661,0.260183720050971,180160,"https://open.spotify.com/track/4EchqUKQ3qAQuRNKmeIpnf"
"chop suey!","System Of A Down",0.181818181818182,"2001-09-04","Rock",0.274509803921569,0.94205386844082,0.636363636363636,0.819506966773848,0,0.115809706871696,0.000260732521594373,0.118798265101026,0.264705882352941,0.453992970467562,210240,"https://open.spotify.com/track/2DlHlPMa4M17kufBvI2lEN"
"sign of the times","Harry Styles",0.181818181818182,"2017-05-12","Rock",0.401307189542484,0.578280931430411,0.454545454545455,0.788553054662379,1,0.00925036040365209,0.0284708307045913,0.0944673648577171,0.196006869901245,0.402769803817232,340707,"https://open.spotify.com/track/5Ohxk2dO5COHF1krpoPigN"
"why'd you only call me when you're high?","Arctic Monkeys",0,"2013-09-09","Rock",0.630065359477124,0.616911685803198,0.181818181818182,0.709324758842444,1,0.015857760691975,0.0500258245406921,0.0891780387178674,0.816444826105625,0.206951115343145,161124,"https://open.spotify.com/track/086myS9r57YsLbJpU0TgK9"
"wake me up when september ends","Green Day",0,"2004-09-21","Rock",0.440522875816994,0.813284687198197,0.636363636363636,0.766430868167203,1,0.00937049495434887,0.0238074906919733,0.0819845551676716,0.114426792614856,0.297802921036786,285653,"https://open.spotify.com/track/3ZffCQKLFLUvYM59XKLbVm"
"unsainted","Slipknot",0.0454545454545454,"2019-08-09","Rock",0.284967320261438,0.954930786565082,0.636363636363636,0.893247588424437,1,0.0279913503123498,9.49248767012901e-05,0.0430551147783772,0.212108200944611,0.272072311763965,260773,"https://open.spotify.com/track/5mpUKTdskZea0gStWzeHUZ"
"toxicity","System Of A Down",0.0909090909090908,"2001-09-04","Rock",0.266666666666667,0.876596201309153,0.727272727272727,0.80908896034298,1,0.0359202306583373,0.000246224352666228,0.194964561514863,0.474023185916702,0.379727780656183,218933,"https://open.spotify.com/track/0snQkGI5qnAmohLE7jTsTn"
"venom - music from the motion picture","Eminem",0,"2018-08-31","Rock",0.705882352941176,0.791823156991094,0,0.769989281886388,1,0.0485343584814993,0.0199731889038208,0.553580873796678,0.45148132245599,0.514703205298755,269554,"https://open.spotify.com/track/2SL6oP2YAEQbqsrkOzRGO4"
"duality","Slipknot",0,"2004","Rock",0.189542483660131,0.993561540937869,0.363636363636364,0.857320471596999,0,0.173474291206151,0.000218244312590521,0.194964561514863,0.165951051953628,0.569406130536457,252613,"https://open.spotify.com/track/61mWefnWQOLf90gepjOCb3"
"la mejor versión de mi - remix","Natti Natasha",0.181818181818182,"2019-10-04","Latin",0.687581699346405,0.703830883141968,1,0.767588424437299,0,0.0108121095627102,0.758542617124448,0.298635353855919,0.917346500644053,0.486550067914805,229333,"https://open.spotify.com/track/2dy3TKVDEbIeWxeIb8JWqZ"
"nunca es suficiente","Los Angeles Azules",0,"2018-06-08","Latin",0.767320261437909,0.475265586436313,0.181818181818182,0.722700964630225,0,0.0201826045170591,0.406201371726646,0.0708769702739871,0.814297981966509,0.220856146639968,266016,"https://open.spotify.com/track/0HlMshB5JmZjPNbOuOgFHN"
"propuesta indecente","Romeo Santos",0,"2014-02-25","Latin",0.716339869281046,0.617984762313553,0.181818181818182,0.694233654876742,1,0.0376021143680923,0.517085234248896,0.0556437109912197,0.754186346071275,0.423522327867475,235133,"https://open.spotify.com/track/5PycBIeabfvX3n9ILG7Vrv"
"la boca","Mau y Ricky",0.181818181818182,"2019-05-03","Latin",0.534640522875817,0.792896233501449,0.181818181818182,0.909882100750268,1,0.107400288322922,0.0678501463666985,0.306040410451708,0.773507943323315,0.864373433408483,206279,"https://open.spotify.com/track/0UQwlF2pRkr1lMN6kNNUj3"
"calma - remix","Pedro Capó",0.454545454545455,"2018-10-05","Latin",0.806535947712418,0.769288550273635,1,0.806216505894962,0,0.0345987506006727,0.334696824866504,0.130434782608696,0.774581365392872,0.451269376724126,238200,"https://open.spotify.com/track/5iwz1NiezX7WWjnCgY5TH4"
"cristina (feat. shelow shaq)","Maffio",0.0454545454545454,"2019-03-29","Latin",0.852287581699346,0.582573237471832,0.0909090909090909,0.806773847802787,1,0.26717924074964,0.189615135585056,0.0765894425050249,0.89051094890511,0.277771554198815,186893,"https://open.spotify.com/track/2egI1hFZDAYrkCgtepoore"
"contra la pared","Sean Paul",0.136363636363636,"2019-03-14","Latin",0.809150326797386,0.570769395857925,0.181818181818182,0.680943193997856,1,0.113407015857761,0.0161388871156682,0.110335343277266,0.599613568054959,0.221290241272598,224681,"https://open.spotify.com/track/37eGbhE1xVFSvcKkqGb6i1"
"la romana","Bad Bunny",0.0454545454545454,"2018-12-23","Latin",0.583006535947713,0.717780877776586,0,0.751382636655949,1,0.197501201345507,0.0338595791636165,0.0437956204379562,0.307642765135251,0.443574699284444,300579,"https://open.spotify.com/track/1khmgu0pveJbkbpbkyvcQv"
"body","Loud Luxury",0.136363636363636,"2017-10-27","Latin",0.709803921568628,0.759630861680438,0.0909090909090909,0.798456591639871,1,0.0172993753003364,0.0493004160942849,0.0366021368877605,0.582438814942035,0.416674835114055,163216,"https://open.spotify.com/track/21RzyxY3EFaxVy6K4RqaU9"
"unsteady","X Ambassadors",0.0454545454545454,"2015-06-30","Latin",0.235294117647059,0.653396287155274,0,0.722572347266881,1,0.0490148966842864,0.184433646682148,0.101872421453507,0.171318162301417,0.382346351504628,193547,"https://open.spotify.com/track/7lGKEWMXVWWTt3X71Bv44I"
"arms around you (feat. maluma & swae lee)","XXXTENTACION",0.0909090909090908,"2018-10-25","Latin",0.645751633986928,0.715634724755875,0.818181818181818,0.753397642015005,0,0.0211436809226333,0.0312688347121621,0.112451073733206,0.266852726492057,0.297725904247126,198903,"https://open.spotify.com/track/2LskIZrCeLxRvCiGP8gxlh"
"nevermind","Dennis Lloyd",0.136363636363636,"2017-06-30","Latin",0.511111111111111,0.678077046893444,0.454545454545455,0.629539121114684,0,0.213118692936088,0.164743988851094,0.411826933248704,0.0428295405753542,0.262774284794085,156600,"https://open.spotify.com/track/63SevszngYpZOwf63o61K4"
"let you down","NF",0.318181818181818,"2017-10-06","Latin",0.592156862745098,0.705977036162678,0.454545454545455,0.743536977491961,0,0.117011052378664,0.323297549280105,0.168517930815614,0.455775010734221,0.598987579292286,212120,"https://open.spotify.com/track/52okn5MNA47tk87PeZJLEL"
"ahora te puedes marchar","Luis Miguel",0.0454545454545454,"1987-07-15","Latin",0.74640522875817,0.880888507350574,0.545454545454545,0.829153269024652,0,0.0229456991830851,0.153344713264694,0.0454882048027081,0.93344783168742,0.495827090305687,191973,"https://open.spotify.com/track/1uKjQoh8JZj9ryuYRhpd7E"
"tabú","Pablo Alborán",0.0909090909090908,"2019-11-06","Latin",0.704575163398693,0.806846228136066,0.818181818181818,0.732261521972133,0,0.0460115329168669,0.0379011405078854,0.0955252300856871,0.551309574924861,0.26291431532074,179775,"https://open.spotify.com/track/471HeGJPKw07MObixON0Um"
"voy por ti","Cali Y El Dandee",0,"2019-11-08","Latin",0.670588235294118,0.854061594591695,0.727272727272727,0.839742765273312,1,0.0833733781835656,0.0285744604826495,0.0849465778059875,0.789609274366681,0.822791368518337,212133,"https://open.spotify.com/track/2sRhe52xJklfzRIe0K6puw"
"bota fuego","Mau y Ricky",0.0454545454545454,"2019-10-11","Latin",0.67843137254902,0.83045391136388,1,0.81556270096463,1,0.404132628543969,0.242466322394727,0.0809266899397017,0.63718334048948,0.794939296766695,223187,"https://open.spotify.com/track/6Y6YC93R1r0CISm5iC4j27"
"tanto","Jesse & Joy",0.0909090909090908,"2019-10-04","Latin",0.728104575163399,0.722073183818006,1,0.792668810289389,1,0.0356799615569438,0.439362900705263,0.0944673648577171,0.62322885358523,0.570687409855348,220701,"https://open.spotify.com/track/3bCuNSiaBHqxdevMYEnGpe"
"oye","TINI",0.227272727272728,"2019-10-11","Latin",0.619607843137255,0.48706942805022,0.636363636363636,0.648617363344051,0,0.04925516578568,0.463197749658643,0.164286469903734,0.231429798196651,0.228487810342655,173021,"https://open.spotify.com/track/09nSCeCs6eYfAIJVfye1CE"
"¿qué ha pasao'?","Abraham Mateo",0.0909090909090908,"2019-10-01","Latin",0.573856209150327,0.746753943556176,0.636363636363636,0.809989281886388,1,0.131427198462278,0.32640644262185,0.191790965830953,0.392443108630314,0.810650721857365,198053,"https://open.spotify.com/track/2zkVH2daHyjS51g7PRJFDn"
"enamórate de alguien más","Morat",0.0454545454545454,"2019-12-12","Latin",0.500653594771242,0.62978860392746,1,0.746623794212219,1,0.0102114368092263,0.482887407489697,0.312387601819528,0.579218548733362,0.584858499152815,229107,"https://open.spotify.com/track/1fXKStjVOTmBEwjAnFSNkc"
"tequila","Juanes",0.0454545454545454,"2019-11-22","Latin",0.716339869281046,0.678077046893444,0.818181818181818,0.792154340836013,1,0.106198942815954,0.234175940150073,0.229874114037872,0.713396307428081,0.654978785375212,159547,"https://open.spotify.com/track/02lGHA7bFFplYLihnUWTx8"
"detente","Mike Bahía",0.136363636363636,"2019-11-15","Latin",0.688888888888889,0.567550166326859,0.636363636363636,0.789110396570204,1,0.38731379144642,0.282881935837416,0.0912937691738073,0.347359381708888,0.76656911206643,181845,"https://open.spotify.com/track/0x1k6gSTSxaLxe0F2IThaX"
"la difícil","Camilo",0.0909090909090908,"2019-12-20","Latin",0.609150326797386,0.326107951496942,0.0909090909090909,0.701521972132904,0,0.106198942815954,0.694292154728378,0.147360626256215,0.551309574924861,0.0173287776735329,158533,"https://open.spotify.com/track/0PaNKfwdqHjmW7hVEQ0lbu"
"writing on the wall (feat. post malone & cardi b)","French Montana",0.272727272727273,"2019-09-27","Latin",0.737254901960784,0.836892370426012,0.818181818181818,0.887331189710611,0,0.155454108601634,0.293244913643233,0.0667512958849043,0.491197939029626,0.347023651155952,201271,"https://open.spotify.com/track/7x9nXsowok1JszkVztI5NI"
"con altura","ROSALÍA",0.5,"2019-03-28","Latin",0.879738562091503,0.679150123403799,0.545454545454545,0.814405144694534,1,0.120615088899568,0.404128776165483,0.0321591029302867,0.758480034349506,0.248673210759946,161627,"https://open.spotify.com/track/2qG5sZ7Si6sdK74qLxedYM"
"40%","Aya Nakamura",0.0909090909090908,"2019-10-25","Latin",0.826143790849673,0.683442429445219,1,0.672583065380493,1,0.220326765977895,0.410346562848973,0.119856130328996,0.684413911550022,0.207070141290801,174933,"https://open.spotify.com/track/47LFcy7prvEY5D08d26zOo"
"muévelo","Nicky Jam",0.272727272727273,"2020-01-08","Latin",0.504575163398693,0.805773151625711,0.636363636363636,0.883772775991425,1,0.0303940413262854,0.431072518460609,0.576853908812017,0.944182052382997,0.879636760813857,194892,"https://open.spotify.com/track/4VgYtXCVJ7IbWAZ5ryfvEQ"
"me gusta","Shakira",0.136363636363636,"2020-01-13","Latin",0.739869281045752,0.686661658976285,0.0909090909090909,0.764801714898178,0,0.0534598750600673,0.0579016876731135,0.145244895800275,0.789609274366681,0.206972119922143,190570,"https://open.spotify.com/track/5Xhqh4lwJPtMUTsdBztN1a"
"combatchy (feat. mc rebecca)","Anitta",0.409090909090909,"2019-11-20","Latin",0.806535947712418,0.723146260328361,0.0909090909090909,0.857063236870311,1,0.0688370975492552,0.39687469170141,0,0.607127522541863,0.613949841065352,157600,"https://open.spotify.com/track/2bPtwnrpFNEe8N7Q85kLHw"
"sentadão","Pedro Sampaio",0.409090909090909,"2019-11-22","Latin",0.615686274509804,0.872303895267733,0.545454545454545,0.903879957127546,1,0.0424074963959635,0.184433646682148,0.215064000846292,0.949549162730786,0.78102726394354,143448,"https://open.spotify.com/track/4lKuzrdZrJuCAedbIslF3A"
"ela é do tipo (feat. drake) - remix","MC Kevin o Chris",0,"2019-11-06","Latin",0.479738562091503,0.502092499195193,0.545454545454545,0.754340836012862,1,0.259971167707833,0.922277666456367,0.0934094996297472,0.725203950193216,0.258643384257768,212433,"https://open.spotify.com/track/7qLnSuxwLNlcapat8OCWZp"
"distant","Maes",0.0454545454545454,"2019-12-19","Latin",0.703267973856209,0.724219336838717,0.363636363636364,0.716741693461951,0,0.204709274387314,0.575117909961475,0.049190733100603,0.486904250751395,0.298461064512064,162013,"https://open.spotify.com/track/2iuNKcIOuHb9VIplN7NDoa"
"vem me satisfazer","MC Ingryd",0.0909090909090908,"2019-08-20","Latin",0.85359477124183,0.541796330078335,0.727272727272727,0.742550911039657,1,0.374098990869774,0.617606118965327,0.0934094996297472,0.538428510090167,0.261983112318485,188388,"https://open.spotify.com/track/63SHcJzckFykS8faA5zojY"
"skifahren (feat. joshi mizu)","The Cratez",0.227272727272728,"2019-11-15","Latin",0.666666666666667,0.696319347569482,0.454545454545455,0.691618435155413,0,0.274387313791446,0.231067046808327,0.139955569660425,0.424645770717046,0.500476103790626,162651,"https://open.spotify.com/track/1E1YyZjbteIz2XQyLvtRxD"
"fantasía","Ozuna",0.409090909090909,"2019-11-29","Latin",0.635294117647059,0.711342418714454,0.181818181818182,0.732475884244373,1,0.0801297453147525,0.235212237930654,0.072675341161536,0.796049806784027,0.823575539467604,175187,"https://open.spotify.com/track/40rXWke6SnXiGkSmaT8ZUr"
"música","DJ Luian",0.0909090909090908,"2019-12-04","Latin",0.756862745098039,0.819723146260328,0.0909090909090909,0.800728831725616,0,0.174675636713119,0.227958153466582,0.0636834867237914,0.874409617861743,0.80854326243121,223815,"https://open.spotify.com/track/4xvTPuwHaXoDM3p0QcY7bH"
"hola - remix","Dalex",0.681818181818182,"2019-11-01","Latin",0.581699346405229,0.660907822727761,0,0.730675241157556,0,0.345266698702547,0.488068896392606,0.0617793293134455,0.325890940317733,0.83605926091888,249520,"https://open.spotify.com/track/5stPVcRqb4qixbafP9e8lt"
"mala santa","Becky G",0.136363636363636,"2019-10-18","Latin",0.83921568627451,0.692027041528061,0.818181818181818,0.830610932475884,1,0.0192215281114849,0.322261251499523,0.151592087168095,0.523400601116359,0.249205326761234,173827,"https://open.spotify.com/track/5e50NiIlOc2YJIftHzoehd"
"dj no pare (feat. zion, dalex, lenny tavárez) - remix","Justin Quiles",0.454545454545455,"2019-09-06","Latin",0.698039215686274,0.700611653610902,0.272727272727273,0.818906752411576,0,0.0772465160980298,0.0467096716428304,0.0647413519517614,0.849720910261915,0.753049164717909,258600,"https://open.spotify.com/track/1ndyl3wJCFs872XZ3ztPk6"
"bellaquita - remix","Dalex",0.5,"2019-11-22","Latin",0.766013071895425,0.707050112673034,0.0909090909090909,0.833483386923901,1,0.0723209995194618,0.146090628800622,0.168517930815614,0.771361099184199,0.724622967806982,304733,"https://open.spotify.com/track/1Xnn1TPyr5h0hpRAT4B4EA"
"qué pena","Maluma",0.409090909090909,"2019-09-27","Latin",0.556862745098039,0.649103981113854,1,0.711596998928189,0,0.40893801057184,0.105675015357933,0.334602771606897,0.878703306139974,0.446025233500903,212711,"https://open.spotify.com/track/5099x34vBakWpGkHourFxP"
"no se me quita (feat. ricky martin)","Maluma",0.272727272727273,"2019-05-17","Latin",0.856209150326797,0.872303895267733,0.636363636363636,0.860021436227224,1,0.138635271504085,0.151272117703531,0.0458055643710991,0.873336195792185,0.262851301583745,219933,"https://open.spotify.com/track/1GBLO0NFODuL31A5fgw0uR"
"bailemos","Manuel Turizo",0,"2019-08-23","Latin",0.735947712418301,0.611546303251422,0.0909090909090909,0.768102893890675,0,0.120615088899568,0.136763948775386,0.0703480376600021,0.918419922713611,0.752580062453615,206295,"https://open.spotify.com/track/1ScD7XQYCKmJ3fdNh71lUE"
"aleluya","Reik",0.136363636363636,"2019-05-31","Latin",0.78562091503268,0.708123189183389,0.727272727272727,0.888445873526259,1,0.0550216242191254,0.0495076756504012,0.0508833174653549,0.697294976384714,0.235132258832426,158480,"https://open.spotify.com/track/23CsjGOYDQiJpX44BSn9TM"
"tutu","Camilo",0.545454545454545,"2019-08-09","Latin",0.682352941176471,0.832600064384591,0.818181818181818,0.875927116827438,1,0.0320759250360404,0.282881935837416,0.049508092668994,0.96672391584371,0.585096551048129,178613,"https://open.spotify.com/track/1nocRtwyNPVtGcIJqfgdzZ"
"11 pm","Maluma",0.454545454545455,"2019-05-17","Latin",0.742483660130719,0.703830883141968,0.909090909090909,0.779549839228296,1,0.304420951465642,0.224849260124837,0.0754257907542579,0.687634177758695,0.232772744458292,175733,"https://open.spotify.com/track/7KbF6AdprOXEEHlsq11Z6d"
"la boca - remix","Mau y Ricky",0.272727272727273,"2019-07-17","Latin",0.630065359477124,0.769288550273635,1,0.823622722400857,0,0.0142960115329169,0.24453891795589,0.327197715011108,0.870115929583512,0.213868623359893,188468,"https://open.spotify.com/track/2EEmzqzM70CybVspgM7YRT"
"un año","Sebastian Yatra",0.0909090909090908,"2019-01-18","Latin",0.734640522875817,0.349715634724756,0.0909090909090909,0.695176848874598,0,0.033397405093705,0.153344713264694,0.0891780387178674,0.531987977672821,0.227444582919076,164440,"https://open.spotify.com/track/5BDP2tky8oMQJPS33frKVp"
"no lo trates","Pitbull",0,"2019-04-26","Latin",0.816993464052288,0.806846228136066,1,0.875712754555198,1,0.0367611725132148,0.0589379854536953,0.214006135618322,0.8475740661228,0.291123464915352,198453,"https://open.spotify.com/track/4gqMVEJSaL5nNeKj5WmVoT"
"si supieras","Daddy Yankee",0.181818181818182,"2019-06-28","Latin",0.630065359477124,0.899130808026612,0.818181818181818,0.914983922829582,0,0.109802979336857,0.301535295887887,0.0891780387178674,0.626449119793903,0.851196560850265,241880,"https://open.spotify.com/track/7MRU4vOkywuhZ9kbFiPuiu"
"baila baila baila - remix","Ozuna",0.181818181818182,"2019-04-25","Latin",0.752941176470588,0.553600171692242,0.181818181818182,0.665337620578778,1,0.1194137433926,0.0619432490173824,0.209774674706442,0.483683984542722,0.263047344321062,235284,"https://open.spotify.com/track/7mWFF4gPADjTQjC97CgFVt"
"aullando","Wisin & Yandel",0.181818181818182,"2018-12-14","Latin",0.772549019607843,0.733877025431913,0.909090909090909,0.793269024651661,0,0.0291926958193176,0.190651433365638,0.0381889347297154,0.789609274366681,0.193165109993979,226200,"https://open.spotify.com/track/7BuHdm4lQqcyG3qTwdkxus"
"una vida para recordar","Piso 21",0.136363636363636,"2019-07-05","Latin",0.645751633986928,0.7725077798047,0.636363636363636,0.855219721329046,1,0.211917347429121,0.0772804561699926,0.109277478049297,0.476170030055818,0.838012686765715,215087,"https://open.spotify.com/track/7pxL0DzPpCjjcdfQccvnus"
"no te vayas","Camilo",0.0909090909090908,"2019-03-29","Latin",0.728104575163399,0.713488571735165,0.545454545454545,0.795841371918542,0,0.0603075444497838,0.0545855347752519,0.114566804189146,0.827179046801202,0.206930110764147,201227,"https://open.spotify.com/track/4k9byIhs9ppbYWE22waJMB"
"si se da - remix","Myke Towers",0.363636363636364,"2019-08-02","Latin",0.794771241830065,0.660907822727761,1,0.746452304394426,0,0.330850552618933,0.456979962975153,0.116682534645086,0.788535852297123,0.220919160376962,332240,"https://open.spotify.com/track/6K5BsR04ijf3FHNzjbaagD"
"desconocidos","Mau y Ricky",0.136363636363636,"2018-10-12","Latin",0.65359477124183,0.767142397252924,0.636363636363636,0.789924973204716,1,0.171071600192215,0.151272117703531,0.242568496773511,0.718763417775869,0.781090277680534,204453,"https://open.spotify.com/track/0s5DNDV6LAKn2u2Ufa3VjQ"
"reggaeton","J Balvin",0.0454545454545454,"2018-11-17","Latin",0.703267973856209,0.733877025431913,0.363636363636364,0.801629153269025,0,0.20110523786641,0.0170715551181918,0.0860044430339575,0.550236152855303,0.795464411241651,158800,"https://open.spotify.com/track/2D3z17LBMJ2HEHeBFFjTLi"
"r.i.p. (feat. rita ora & anitta)","Sofia Reyes",0,"2019-03-15","Latin",0.725490196078431,0.746753943556176,0.727272727272727,0.827867095391211,0,0.0570639115809707,0.186506242243311,0.0533164074896858,0.706955775010734,0.263397420637699,187200,"https://open.spotify.com/track/6JqpFboOH2bq9pzaYbkKBn"
"robarte un beso","Carlos Vives",0,"2017-11-10","Latin",0.696732026143791,0.860500053653826,0.909090909090909,0.775005359056806,1,0.0296732340221048,0.0855708384146468,0.364222997990056,0.644697294976385,0.22827076302634,194742,"https://open.spotify.com/track/0JcNysfWVWaMS7R6vzGB2k"
"no hay nadie más","Sebastian Yatra",0,"2018-05-18","Latin",0.635294117647059,0.34649640519369,0.545454545454545,0.597084673097535,1,0.0123738587217684,0.892225030819496,0.0912937691738073,0.825032202662087,0.298699116407377,199733,"https://open.spotify.com/track/3IPJg1sdqLj12kFIndaonN"
"felices los 4","Maluma",0,"2018-05-18","Latin",0.728104575163399,0.751046249597596,0.454545454545455,0.73577706323687,1,0.13022585295531,0.220704069002509,0.348355019570507,0.726277372262774,0.221115203114279,230000,"https://open.spotify.com/track/1RouRzlg8OKFeqc6LvdxmB"
"sin pijama","Becky G",0.0909090909090908,"2018-04-20","Latin",0.76078431372549,0.739242407983689,1,0.828638799571275,0,0.0273906775588659,0.366822056064539,0.0891780387178674,0.83791326749678,0.221024183271953,188560,"https://open.spotify.com/track/2ijef6ni2amuunRoKTlgww"
"me niego (feat. ozuna & wisin)","Reik",0.0454545454545454,"2019-05-31","Latin",0.742483660130719,0.778946238866831,0,0.796913183279743,0,0.0806102835175396,0.052305679657972,0.656193800909764,0.787462430227565,0.221087197008948,221653,"https://open.spotify.com/track/4ggiDYAkJ7Yk8d5xOr7Xjo"
"dura","Daddy Yankee",0,"2018-01-18","Latin",0.750326797385621,0.841184676467432,0.0909090909090909,0.840600214362272,1,0.0329168668909178,0.18028845555982,0.415000528932614,0.858308286818377,0.227934689762368,200480,"https://open.spotify.com/track/6KuqAtoeVzxAYOaMveLNpH"
"say so","Doja Cat",0.545454545454545,"2019-11-07","Latin",0.755555555555556,0.661980899238116,1,0.790825294748124,0,0.161460836136473,0.265264873567526,0.0747910716174759,0.801416917131816,0.33968605155924,237893,"https://open.spotify.com/track/3Dv1eDb0MEgF93GpLXlucZ"
"eleven","Khalid",0.318181818181818,"2020-01-09","Latin",0.643137254901961,0.364738705869729,0.363636363636364,0.550525187566988,0,0.114608361364728,0.116037993163751,0.215064000846292,0.0811507084585659,0.466007589654545,206361,"https://open.spotify.com/track/1ToprX3cpBiXoAe5eNSk74"
"talk (feat. disclosure)","Khalid",0.272727272727273,"2019-04-05","Latin",0.904575163398693,0.369031011911149,0,0.619421221864952,1,0.123017779913503,0.0528238285482629,0.0425261821643923,0.329111206526406,0.514878243457074,197573,"https://open.spotify.com/track/6TqXcAFInzjp0bODyvrWEq"
"no guidance (feat. drake)","Chris Brown",0.409090909090909,"2019-06-28","Latin",0.63921568627451,0.42697714347033,0.0909090909090909,0.697406216505895,0,0.153051417587698,0.12743726875015,0.143129165344335,0.104765993988836,0.213448531779928,260640,"https://open.spotify.com/track/6XHVuErjQ4XNm6nDPVCxVX"
"goodbyes (feat. young thug)","Post Malone",0.636363636363636,"2019-09-06","Latin",0.443137254901961,0.640519369031012,0.454545454545455,0.820921757770632,1,0.0689572320999519,0.472524429683879,0.0881201734898974,0.132674967797338,0.613487740327392,174853,"https://open.spotify.com/track/0t3ZvGKlmYmVsDzBJAXK8C"
"3 nights","Dominic Fike",0.454545454545455,"2018-10-16","Latin",0.792156862745098,0.495654040133062,0.636363636363636,0.704351554126474,0,0.0794089380105718,0.231067046808327,0.0891780387178674,0.899098325461572,0.626251522831977,177667,"https://open.spotify.com/track/1tNJrcVe6gwLEiZCtprs1u"
"only human","Jonas Brothers",0.454545454545455,"2019-06-07","Latin",0.766013071895425,0.472046356905247,0,0.734833869239014,1,0.0583853916386353,0.111892802041424,0.0473923622130541,0.895878059252898,0.220996177166622,183000,"https://open.spotify.com/track/0DiDStADDVh3SvAsoJAFMk"
"1950","King Princess",0.136363636363636,"2018-02-23","Latin",0.511111111111111,0.5138963408091,0.363636363636364,0.685101822079314,1,0.100192215281115,0.671493603555579,0.150534221940125,0.246457707170459,0.066276448265722,225133,"https://open.spotify.com/track/0CZ8lquoTX2Dkg7Ak2inwA"
"can we kiss forever?","Kina",0.409090909090909,"2018-08-31","Latin",0.409150326797386,0.077154201094538,0.363636363636364,0.184608788853162,1,0.0145362806343104,0.926422857578694,0.0787051729609648,0.0908115070845857,0.332852561858485,187932,"https://open.spotify.com/track/58wyJLv6yH1La9NIZPl3ne"
"the bones - with hozier","Maren Morris",0,"2019-10-04","Latin",0.460130718954248,0.580427084451121,1,0.729817792068596,0,0.0203027390677559,0.296353806984979,0.0827250608272506,0.338772005152426,0.100681948664809,197299,"https://open.spotify.com/track/1yTTMcUhL7rtz08Dsgb7Qb"
"this city","Sam Fischer",0,"2019-12-13","Latin",0.513725490196078,0.34435025217298,1,0.720685959271168,1,0.0252282556463239,0.757506319343866,0.0646355654289644,0.513739802490339,0.0800344475095571,194853,"https://open.spotify.com/track/3H3r2nKWa3Yk5gt8xgmsEt"
"escápate conmigo (feat. ozuna)","Wisin",0,"2017-12-01","Latin",0.699346405228758,0.861573130164181,1,0.851318327974276,1,0.0671552138395002,0.0265018649214859,0.072357981593145,0.802490339201374,0.206762074132161,232787,"https://open.spotify.com/track/1KSqYYJFyfTecXFk9M0prc"
"chantaje (feat. maluma)","Shakira",0,"2017-05-26","Latin",0.840522875816994,0.769288550273635,0.727272727272727,0.861822079314041,0,0.0648726573762614,0.193760326707383,0.147360626256215,0.931300987548304,0.277176424460532,195840,"https://open.spotify.com/track/6mICuAdrwEjh6Y6lroV2Kg"
"tutu - remix","Camilo",0.0454545454545454,"2019-10-15","Latin",0.682352941176471,0.758557785170083,0,0.832711682743837,1,0.0236665064872657,0.395838393920828,0.0589230931979266,0.886217260626878,0.641794911290661,164191,"https://open.spotify.com/track/302I7g0l3jmAbzFu9WBCmu"
"oye pablo","Danna Paola",0.227272727272728,"2019-08-29","Latin",0.640522875816993,0.637300139499946,0.454545454545455,0.803515541264737,0,0.177078327727054,0.0343777280539074,0.295461758172009,0.515886646629455,0.821937182305743,177747,"https://open.spotify.com/track/4wJFExEZZo62tmwTM9ENDR"
"tra tra tra remix","Ghetto Kids",0.136363636363636,"2019-06-20","Latin",0.833986928104575,0.729584719390493,0.0909090909090909,0.792325830653805,1,0.291206150888996,0.0551036836655428,0.0111075848936846,0.898024903392014,0.683110918180163,171000,"https://open.spotify.com/track/4YqCBC4FwzGXuhixt5cgmm"
"pa' olvidarme de ella","Piso 21",0.454545454545455,"2019-09-06","Latin",0.67843137254902,0.521407876381586,0,0.76433011789925,1,0.033397405093705,0.268373766909271,0.123029726012906,0.641477028767712,0.193032080993657,227234,"https://open.spotify.com/track/1cVlW9WQiGlFdWUXFdFZGh"
"baila conmigo (feat. kelly ruiz)","Dayvi",0.318181818181818,"2018-12-28","Latin",0.700653594771242,0.982830775834317,0.636363636363636,0.836741693461951,1,0.0646323882748678,0.00933041069724602,0.293346027716069,0.554529841133534,0.459195104532788,189818,"https://open.spotify.com/track/4Clmg1g8n2yBYG13Z1oSdG"
"fuentes de ortiz","Ed Maverick",0.0909090909090908,"2018-03-02","Latin",0.811764705882353,0.110419572915549,0.0909090909090909,0.367073954983923,1,0.0176597789524267,0.980310342168946,0.362107267534116,0.160583941605839,0.297592875246804,207400,"https://open.spotify.com/track/0akyEssGRVHstqCSWXusJL"
"te vi","Piso 21",0.318181818181818,"2018-12-14","Latin",0.873202614379085,0.773580856315055,0.0909090909090909,0.805016077170418,1,0.112205670350793,0.0461915227525396,0.0704538241827991,0.715543151567196,0.277078403091874,231848,"https://open.spotify.com/track/059bcIhyc2SBwm6sw2AZzd"
"bellacoso","Residente",0.0454545454545454,"2019-07-26","Latin",0.738562091503268,0.852988518081339,1,0.867224008574491,0,0.27799135031235,0.0674356272544658,0.0392467999576854,0.703735508802061,0.823659557783597,257865,"https://open.spotify.com/track/1kMUGCt7XLDc5Q64Vl0H8S"
"jangueo","Alex Rose",0,"2019-11-08","Latin",0.83921568627451,0.678077046893444,1,0.813933547695606,1,0.0395242671792407,0.246611513517054,0.0902359039458373,0.743452125375698,0.290815397756711,259600,"https://open.spotify.com/track/5m3jpKkgkfoMcym1qjToFg"
"taste (feat. offset)","Tyga",0.272727272727273,"2018-05-16","Latin",0.882352941176471,0.539650177057624,0,0.667995712754555,1,0.115809706871696,0.0244292693603224,0.0860044430339575,0.324817518248175,0.248890258076261,232959,"https://open.spotify.com/track/5IaHrVsrferBYDm0bDyABy"
"i love it (& lil pump)","Kanye West",0.136363636363636,"2018-09-07","Latin",0.904575163398693,0.499946346174482,0.181818181818182,0.631039657020364,1,0.368092263334935,0.0117864364372248,0.253147149053211,0.310863031343924,0.291312506126336,127947,"https://open.spotify.com/track/4S8d14HvHb70ImctNgVzQQ"
"perreo en la luna","Rich Music LTD",0.409090909090909,"2019-10-11","Latin",0.656209150326797,0.752119326107952,0.0909090909090909,0.807502679528403,0,0.320038443056223,0.277700446934507,0.367396593673966,0.734864748819236,0.781139288364864,218587,"https://open.spotify.com/track/0RDgqtvOHLwcI6yz9bjsZV"
"fresh kerias","Feid",0,"2019-11-01","Latin",0.695424836601307,0.566477089816504,0.727272727272727,0.796441586280815,1,0.311629024507448,0.305680487010215,0.139955569660425,0.745598969514813,0.865738731043368,272800,"https://open.spotify.com/track/6TvNO32huOBlWG5o69i1v7"
"b11 (feat. myke towers)","Rvssian",0.272727272727273,"2019-09-18","Latin",0.718954248366013,0.709196265693744,0,0.772090032154341,1,0.109802979336857,0.0696118525936875,0.117740399873056,0.167024474023186,0.26255723747777,251929,"https://open.spotify.com/track/4o1DxRjMCHDwBiOKv88rOl"
"piropo","Noriel",0.0454545454545454,"2019-10-25","Latin",0.858823529411765,0.7413885610044,0.818181818181818,0.740621650589496,1,0.0587457952907256,0.126400970969569,0.0217920236961811,0.786389008158008,0.220814137481971,220133,"https://open.spotify.com/track/5YrjfKuFd0pMmYTGeRDV6X"
"chica bombastic","Wisin & Yandel",0.0454545454545454,"2019-10-18","Latin",0.742483660130719,0.748900096576886,0.727272727272727,0.841629153269025,1,0.193897164824604,0.0397664765129326,0.0207341584682112,0.79497638471447,0.766989203646395,193147,"https://open.spotify.com/track/0PabDDMMzwmn9cfJsfes7W"
"imaginaste - remix","Jhay Cortez",0.0909090909090908,"2019-11-01","Latin",0.843137254901961,0.703830883141968,0.0909090909090909,0.758756698821007,1,0.0851753964440173,0.0451552249719578,0.336718502062837,0.602833834263632,0.192745018414014,246653,"https://open.spotify.com/track/56BAJvpaWgvr6C4wmc37iU"
"uniforme","Rich Music LTD",0.227272727272728,"2019-10-11","Latin",0.69281045751634,0.865865436205602,0.818181818181818,0.82983922829582,1,0.138635271504085,0.0679537761447567,0.247857822913361,0.787462430227565,0.78067018610057,279280,"https://open.spotify.com/track/0wMs7DPFOnToNAoecvAFQc"
"el favor (with nicky jam & sech, feat. farruko, zion & lunay)","Dimelo Flow",0.318181818181818,"2019-08-30","Latin",0.703267973856209,0.634080909968881,0.818181818181818,0.848403001071811,1,0.060187409899087,0.117074290944333,0.097640960541627,0.470802919708029,0.178832985590859,233113,"https://open.spotify.com/track/684EjRHwNsZQ9hCQxL4NYL"
"piensan","Myke Towers",0.227272727272728,"2019-09-13","Latin",0.611764705882353,0.71456164824552,0.181818181818182,0.796570203644159,0,0.0468524747717444,0.557500847691585,0.0955252300856871,0.801416917131816,0.767045215857057,173452,"https://open.spotify.com/track/0i9oiUkWOgvtnjkr0fa3XN"
"cuerpo en venta","Noriel",0.318181818181818,"2019-08-09","Latin",0.636601307189542,0.584719390492542,1,0.740578778135048,1,0.334454589139837,0.166816584412257,0.0821961282132656,0.395663374838987,0.206390993236526,254413,"https://open.spotify.com/track/2B94bbI1a4LyBpK1439oP7"
"mírame - remix","Nio Garcia",0.136363636363636,"2019-07-19","Latin",0.694117647058824,0.83045391136388,0.0909090909090909,0.848017148981779,1,0.155454108601634,0.123292077627823,0.236221305405691,0.79497638471447,0.795429403609987,377580,"https://open.spotify.com/track/53uKGbcMjEc2gIWbfmvpdS"
"fresa","TINI",0.272727272727273,"2019-09-06","Latin",0.747712418300654,0.869084665736667,0.454545454545455,0.837299035369775,0,0.0758049014896684,0.223812962344255,0.0860044430339575,0.885143838557321,0.234880203884447,165646,"https://open.spotify.com/track/4BCPItsB94KDLuERZT3aNM"
"el efecto","Rauw Alejandro",0.0909090909090908,"2019-03-15","Latin",0.836601307189543,0.777873162356476,0,0.788338692390139,0,0.162662181643441,0.420709540654791,0.0638950597693854,0.916273078574495,0.151197961155532,217143,"https://open.spotify.com/track/4SJHHpKhcuXwDsCsPqshXj"
"la player (bandolera)","Zion & Lennox",0,"2018-02-23","Latin",0.73202614379085,0.839038523446722,0.181818181818182,0.762486602357985,1,0.0476934166266218,0.165780286631676,0.0780704538241828,0.60390725633319,0.220898155797964,249609,"https://open.spotify.com/track/0VKkyBKCXyR99navhVRqcP"
"coronao now","El Alfa",0.227272727272728,"2019-11-07","Latin",0.956862745098039,0.722073183818006,0.545454545454545,0.662936763129689,0,0.26717924074964,0.151272117703531,0.169575796043584,0.728424216401889,0.389144833573719,217881,"https://open.spotify.com/track/7FbKipScVxkjQxQXwTd0gL"
"tu sicaria","Ms Nina",0.0909090909090908,"2017-01-04","Latin",0.709803921568628,0.91093464964052,0,0.683858520900321,1,0.0335175396444017,0.0545855347752519,0.162170739447794,0.697294976384714,0.248883256549928,146945,"https://open.spotify.com/track/6fatMybX8VmHUpaxVcXzrz"
"no te debí besar","C. Tangana",0.136363636363636,"2019-09-12","Latin",0.605228758169935,0.673784740852023,0.818181818181818,0.743451232583065,0,0.351273426237386,0.129509864311314,0.172749391727494,0.62322885358523,0.0895285172167533,182816,"https://open.spotify.com/track/1KdwnsWOvhM53vezy5ROuf"
"porno","Rich Music LTD",0.0454545454545454,"2019-10-11","Latin",0.426143790849673,0.701684730121258,0.0909090909090909,0.859378349410504,0,0.360884190293128,0.44350809182759,0.128319052152756,0.519106912838128,0.206986122974809,212653,"https://open.spotify.com/track/34ZngZgo8xicbt1EE8Ob8Z"
"nadie (feat. sech & sharo towers) - remix","Farruko",0.0454545454545454,"2019-10-10","Latin",0.725490196078431,0.747827020066531,0,0.817106109324759,1,0.0652330610283517,0.319152358157778,0.103988151909447,0.724130528123658,0.228690854606304,270187,"https://open.spotify.com/track/6pNjmMB8FTMEcqGSgs7Mji"
"diavla","Chris Viz",0,"2019-04-10","Latin",0.824836601307189,0.601888614658225,0.454545454545455,0.76411575562701,1,0.0555021624219125,0.181324753340402,0.192848831058923,0.665092314297982,0.262942321426071,265941,"https://open.spotify.com/track/1KfrcxnOLyDhd3p4hGrhVe"
"ella quiere beber - remix","Anuel AA",0.272727272727273,"2018-11-02","Latin",0.70718954248366,0.653396287155274,0.727272727272727,0.854876741693462,1,0.120615088899568,0.274591553592761,0.0336401142494446,0.705882352941176,0.22960105302956,219357,"https://open.spotify.com/track/3f5lA8nnc4YYF1qf78WpHw"
"vaina loca","Ozuna",0.136363636363636,"2018-08-24","Latin",0.712418300653595,0.803626998605001,0.545454545454545,0.804887459807074,1,0.0619894281595387,0.32640644262185,0.193906696286893,0.553456419063976,0.220800134429306,176133,"https://open.spotify.com/track/48zFZh27QU5qsrBjn4C2FA"
"otro trago","Sech",0.363636363636364,"2019-04-19","Latin",0.703267973856209,0.690953965017706,0,0.786881028938907,1,0.381307063911581,0.140909139897713,0.0955252300856871,0.62322885358523,0.795303376135998,225933,"https://open.spotify.com/track/1Ej96GIBCTvgH7tNX1r3qr"
"cuando te besé","Becky G",0,"2018-08-02","Latin",0.735947712418301,0.725292413349072,0.818181818181818,0.827867095391211,0,0.227534839019702,0.318116060377196,0.0912937691738073,0.274366680978961,0.26327139316371,254383,"https://open.spotify.com/track/2XXMDz7SPZ4mSFN1PXfHUy"
"gasolina","Daddy Yankee",0,"2004-07-13","Latin",0.847058823529412,0.79933469256358,0,0.708424437299035,1,0.0458913983661701,0.34402350489174,0.0626256214958214,0.76599398883641,0.234992228305771,192600,"https://open.spotify.com/track/6jEZLz3YpnEBRpVkv35AmP"
"chicharrón","Guaynaa",0,"2019-08-16","Latin",0.686274509803922,0.786457774439318,0.909090909090909,0.802486602357985,0,0.517059106198943,0.46112515409748,0.50597693853803,0.82825246887076,0.0961729657065241,195867,"https://open.spotify.com/track/5UVa8Qqb9L1dVxl3jKQ5J1"
"you can't stop the girl (from disney's ""maleficent: mistress of evil"")","Bebe Rexha",0.0454545454545454,"2019-09-20","Latin",0.241830065359477,0.710269342204099,0.636363636363636,0.715412647374062,1,0.0445699183085055,0.731598874829322,0.101872421453507,0.222842421640189,0.626398554884965,158258,"https://open.spotify.com/track/1i3z3GR1JtLswOSJNO0BQw"
"mad love","Mabel",0.0454545454545454,"2019-06-07","Latin",0.539869281045752,0.793969310011804,0,0.858478027867095,0,0.178279673234022,0.691183261386633,0.0912937691738073,0.62322885358523,0.947019450240153,169813,"https://open.spotify.com/track/79JBjIq90BrQ8Ws0pUhlzD"
"105 f remix","KEVVO",0.227272727272728,"2019-09-12","Latin",0.903267973856209,0.748900096576886,0.454545454545455,0.68625937834941,0,0.159058145122537,0.381330224992684,0.281709510208399,0.753112924001717,0.263250388584712,464200,"https://open.spotify.com/track/1aUGxXCz9QimNkKeiJtzZ7"
"rasta barbie (remix)","Gigolo Y La Exce",0,"2019-10-16","Latin",0.810457516339869,0.665200128769181,0.636363636363636,0.767159699892819,1,0.34887073522345,0.0431862591888524,0.27007299270073,0.651137827393731,0.199074398218812,288470,"https://open.spotify.com/track/64kNRze29YqCFzFEpQCaHQ"
"love the way you lie","Eminem",0.272727272727273,"2010-06-18","Latin",0.705882352941176,0.932396179847623,0.909090909090909,0.77123258306538,1,0.244353676117251,0.249720406858799,0.529249973553369,0.645770717045942,0.171838460784451,263373,"https://open.spotify.com/track/15JINEqzVMv3SvJTAXAKED"
"7 years","Lukas Graham",0.136363636363636,"2016-04-01","Latin",0.726797385620915,0.447365597167078,0.909090909090909,0.737148981779207,1,0.033397405093705,0.29739010476556,0.392785359145245,0.32267067410906,0.402909834343887,237300,"https://open.spotify.com/track/5kqIPrATaCc2LqxVWzQGbk"
"when i was your man","Bruno Mars",0.272727272727273,"2012-12-07","Latin",0.526797385620915,0.240261830668527,0,0.616291532690247,1,0.0237866410379625,0.965802173240802,0.072252195070348,0.373121511378274,0.0724587960175319,213827,"https://open.spotify.com/track/0nJW01T7XtvILxQgC5J7Wh"
"dangerous woman","Ariana Grande",0.0454545454545454,"2016-05-20","Latin",0.592156862745098,0.585792467002897,0.363636363636364,0.756870310825295,0,0.0198222008649688,0.0547927943313682,0.355760076166296,0.268999570631172,0.500770167896601,235947,"https://open.spotify.com/track/7l94dyN2hX9c6wWcZQuOGJ"
"hey ya!","OutKast",0.0909090909090908,"2003","Latin",0.67843137254902,0.984976928855028,0.363636363636364,0.890117899249732,0,0.0515377222489188,0.106711313138515,0.164286469903734,0.993559467582654,0.119586069763208,235213,"https://open.spotify.com/track/2PpruBYCo4H7WOBJ7Q2EwM"
"mambo no. 5 (a little bit of...)","Lou Bega",0,"1999-07-19","Latin",0.539869281045752,0.805773151625711,0.454545454545455,0.697577706323687,0,0.461797212878424,0.106711313138515,0.302866814767799,0.915199656504938,0.781468360102502,220293,"https://open.spotify.com/track/6x4tKaOzfNJpEJHySoiJcs"
"writing on the wall (feat. post malone, cardi b & rvssian)","French Montana",0,"2019-12-06","R&b",0.738562091503268,0.836892370426012,0.818181818181818,0.887459807073955,0,0.154252763094666,0.298426402546142,0.0663281497937163,0.487977672820953,0.347051657261283,201271,"https://open.spotify.com/track/7ntUbTIwmwOD6ygCMRZT6e"
"heartless (feat. mustard)","Polo G",0,"2019-09-20","R&b",0.741176470588235,0.626569374396395,0.636363636363636,0.641586280814577,1,0.191494473810668,0.155417308825858,0.0831482069184386,0.307642765135251,0.683292957864815,201627,"https://open.spotify.com/track/028JxheELfIvvY4zBXuMjw"
"right back (feat. a boogie wit da hoodie)","Khalid",0.0454545454545454,"2019-08-13","R&b",0.754248366013072,0.399077154201095,0.454545454545455,0.557856377277599,0,0.344065353195579,0.0966592246668717,0.144187030572305,0.554529841133534,0.241937742427849,255000,"https://open.spotify.com/track/6PYnUsNEpYC7A4BS2sjw3L"
"be honest (feat. burna boy)","Jorja Smith",0.181818181818182,"2019-08-16","R&b",0.716339869281046,0.730657795900848,0.363636363636364,0.698606645230439,0,0.108601633829889,0.322261251499523,0.098698825769597,0.639330184628596,0.249331354235223,207031,"https://open.spotify.com/track/5pAbCxt9e3f81lOmjIXwzd"
"juicy","Doja Cat",0.227272727272728,"2019-08-15","R&b",0.754248366013072,0.645884751582788,0,0.875155412647374,1,0.0510571840461317,0.0886797317563921,0.0520469692161219,0.449334478316874,0.753301219665887,202333,"https://open.spotify.com/track/7qvsl2pYzrsYgPeFBN5jxp"
"psycho (feat. ty dolla $ign)","Post Malone",0.318181818181818,"2018-04-27","R&b",0.70718954248366,0.54072325356798,0.727272727272727,0.640042872454448,1,0.0977895242671792,0.565791229936239,0.0965830953136571,0.450407900386432,0.543416464789324,221440,"https://open.spotify.com/track/3swc6WTsr7rl9DqQKQA55C"
"otw","Khalid",0.0909090909090908,"2018-04-20","R&b",0.579084967320262,0.667346281789892,0.181818181818182,0.721972132904609,1,0.036641037962518,0.189615135585056,0.0912937691738073,0.258265349935595,0.0738170921260836,263014,"https://open.spotify.com/track/6Hgh47WXVKtXN5zGOu0hjI"
"pray for me (with kendrick lamar)","The Weeknd",0,"2018-02-09","R&b",0.687581699346405,0.666273205279537,0.181818181818182,0.773590568060021,1,0.0833733781835656,0.0789385326189235,0.0965830953136571,0.159510519536282,0.267024211278059,211440,"https://open.spotify.com/track/77UjLW8j5UAGAGVGhR5oUK"
"stack it up (feat. a boogie wit da hoodie)","Liam Payne",0,"2019-09-18","R&b",0.698039215686274,0.811138534177487,0.636363636363636,0.855476956055734,1,0.13022585295531,0.158526202167603,0.0470750026446631,0.608200944611421,0.263264391637377,166406,"https://open.spotify.com/track/1xU2QZ40MY4Ex2pfczZa9U"
"good as hell","Lizzo",0.318181818181818,"2016-03-09","R&b",0.618300653594771,0.925957720785492,0,0.850718113612004,0,0.0767659778952427,0.265264873567526,0.446736485771713,0.531987977672821,0.234803187094787,159736,"https://open.spotify.com/track/3Yh9lZcWyKrK9GjbhuS0hR"
"rushing back","Flume",0,"2019-09-25","R&b",0.477124183006536,0.596523232106449,0,0.783794212218649,1,0.0654733301297453,0.369930949406284,0.146302761028245,0.352726492056677,0.515312338089704,231663,"https://open.spotify.com/track/2zoNNEAyPK2OGDfajardlY"
"something real (with london on da track & chris brown)","Summer Walker",0,"2019-11-22","R&b",0.622222222222222,0.655542440175985,0.727272727272727,0.822550911039657,1,0.0154973570398847,0.0584198365634044,0.100814556225537,0.647917561185058,0.231554478876395,183138,"https://open.spotify.com/track/4otQJBpb8okSeykALR3eCH"
"none of your concern","Jhené Aiko",0,"2019-11-15","R&b",0.27843137254902,0.525700182423007,0.818181818181818,0.637427652733119,0,0.270783277270543,0.874607968549606,0.0934094996297472,0.370974667239158,0.086083766261045,262213,"https://open.spotify.com/track/1nal3Tf1OCV53KigMZXsZ7"
"often","The Weeknd",0,"2015-08-28","R&b",0.470588235294118,0.614765532782487,0.636363636363636,0.565316184351554,0,0.0299135031234983,0.225885557905418,0.121971860784936,0.0356376127093173,0.501232268634562,249040,"https://open.spotify.com/track/4PhsKqMdgMEUSstTDAmMpg"
"get you (feat. kali uchis)","Daniel Caesar",0.0909090909090908,"2017-08-25","R&b",0.586928104575164,0.255284901813499,0.363636363636364,0.621221864951768,0,0.0102114368092263,0.437290305144099,0.0583941605839416,0.341992271361099,0.0811616932491284,278180,"https://open.spotify.com/track/7zFXmv6vqI4qOt4yGf3jYZ"
"sky walker (feat. travis scott)","Miguel",0.0454545454545454,"2017-12-01","R&b",0.607843137254902,0.482777122008799,0.545454545454545,0.535519828510182,1,0.0237866410379625,0.179252157779239,0.0707711837511901,0.154143409188493,0.584760477784157,259333,"https://open.spotify.com/track/5WoaF1B5XIEnWfmb5NZikf"
"no scrubs","TLC",0.136363636363636,"1999-02-23","R&b",0.698039215686274,0.664127052258826,0.727272727272727,0.80411575562701,0,0.0861364728495915,0.0259837160311951,0.0516238231249339,0.591026191498497,0.213287496674275,214400,"https://open.spotify.com/track/1KGi9sZVMeszgZOWivFpxs"
"go loko","YG",0.0909090909090908,"2019-05-03","R&b",0.877124183006536,0.65876166970705,0.181818181818182,0.764630225080386,1,0.0231859682844786,0.309825678132542,0.0507775309425579,0.110133104336625,0.269901838600815,299227,"https://open.spotify.com/track/3SZqA7rQvROJsCbUu2v0xa"
"shallow","Lady Gaga",0.545454545454545,"2018-10-05","R&b",0.474509803921569,0.352934864255821,0.636363636363636,0.714297963558414,1,0.00864968765016819,0.384439118334429,0.223526922670052,0.304422498926578,0.233521907775895,215733,"https://open.spotify.com/track/2VxeLyX666F8uXCJ0dZF8B"
"best part (feat. daniel caesar)","H.E.R.",0.0909090909090908,"2017-10-20","R&b",0.345098039215686,0.337911793110849,0.363636363636364,0.548938906752412,0,0.0203027390677559,0.823829377301099,0.0944673648577171,0.401030485186775,0.0893534790584347,209400,"https://open.spotify.com/track/4OBZT9EnhYIV17t4pGw7ig"
"8","Billie Eilish",0.181818181818182,"2019-03-29","R&b",0.687581699346405,0.191973387702543,0.272727272727273,0.4194640943194,1,0.350072080730418,0.723308492584668,0.0923516344017772,0.453628166595105,0,173202,"https://open.spotify.com/track/6X29iaaazwho3ab7GNue5r"
"i love you","Billie Eilish",0.409090909090909,"2019-03-29","R&b",0.277124183006536,0.0803734306256036,0,0.196698821007503,1,0.0175396444017299,0.986528128852437,0.0944673648577171,0.0865178188063547,0.52511447495554,291796,"https://open.spotify.com/track/6CcJMwBtXByIz4zQLzFkKc"
"xanny","Billie Eilish",0.318181818181818,"2019-03-29","R&b",0.407843137254902,0.0739349715634725,0.818181818181818,0.222550911039657,1,0.258769822200865,0.778232274955501,0.25949434042103,0.0143838557320739,0.343830955148222,243725,"https://open.spotify.com/track/4QIo4oxwzzafcBWkKjDpXY"
"ocean eyes","Billie Eilish",0.409090909090909,"2017-12-22","R&b",0.394771241830065,0.329327181028007,0.363636363636364,0.659078242229368,0,0.0209034118212398,0.845591630693316,0.0680207341584682,0.139115500214684,0.577247840029126,200379,"https://open.spotify.com/track/7hDVYcQq6MxkdJGweuCtl9"
"hostage","Billie Eilish",0.136363636363636,"2017-12-22","R&b",0.284967320261438,0.0717888185427621,0.818181818181818,0.334190782422294,0,0.0313551177318597,0.899479115283568,0.0565957896963927,0,0.469935445927212,229426,"https://open.spotify.com/track/1WsEgieHsWWndAzLkmV105"
"lovely (with khalid)","Billie Eilish",0.590909090909091,"2018-04-19","R&b",0.18562091503268,0.25743105483421,0.363636363636364,0.553654876741693,0,0.0116530514175877,0.967874768801965,0.0796572516661377,0.0865178188063547,0.369946648369345,200186,"https://open.spotify.com/track/0u2P5u6lvoDfwTYjAADbn4"
"all the stars (with sza)","Kendrick Lamar",0.136363636363636,"2018-02-09","R&b",0.63921568627451,0.619057838823908,0.727272727272727,0.775005359056806,1,0.0433685728015377,0.0626686574637897,0.0771183751190098,0.550236152855303,0.241398624900228,232187,"https://open.spotify.com/track/3GCdLUSnKSMJhs4Tj6CV3s"
"love galore (feat. travis scott)","SZA",0.0454545454545454,"2017-06-09","R&b",0.766013071895425,0.577207854920056,0,0.721243301178992,1,0.0613887554060548,0.115001695383169,0.150534221940125,0.396736796908544,0.508002744598323,275080,"https://open.spotify.com/track/0q75NwOoFiARAVp4EXU4Bs"
"him & i (with halsey)","G-Eazy",0.0454545454545454,"2017-12-15","R&b",0.496732026143791,0.724219336838717,0.181818181818182,0.715112540192926,1,0.0759250360403652,0.0553109432216591,0.304982545223739,0.162730785744955,0.17827286348424,268867,"https://open.spotify.com/track/5k38wzpLb15YgncyWdTZE4"
"idontwannabeyouanymore","Billie Eilish",0.409090909090909,"2017-12-22","R&b",0.358169934640523,0.381907930035412,0.636363636363636,0.624308681672026,1,0.0199423354156655,0.763724106027357,0.101872421453507,0.222842421640189,0.754183411983813,203569,"https://open.spotify.com/track/41zXlQxzTi6cGAjpOXyLYH"
"pretty little fears (feat. j. cole)","6LACK",0.0454545454545454,"2018-09-14","R&b",0.524183006535948,0.43126944951175,0.818181818181818,0.501050375133976,1,0.404132628543969,0.721235897023504,0.0692901724320322,0.221768999570631,0.907768893618809,240342,"https://open.spotify.com/track/4at3d5QWnlibMVN75ECDrp"
"be alright","Dean Lewis",0.318181818181818,"2018-06-29","R&b",0.449673202614379,0.568623242837214,1,0.716141479099678,1,0.0151369533877943,0.722272194804086,0.0651644980429493,0.433233147273508,0.449764048562587,196373,"https://open.spotify.com/track/3EPXxR3ImUwfayaurPi3cm"
"can i be him","James Arthur",0.0909090909090908,"2016-10-28","R&b",0.636601307189542,0.522480952891941,1,0.722786709539121,1,0.0303940413262854,0.319152358157778,0.0784935999153708,0.471876341777587,0.318730483245347,246880,"https://open.spotify.com/track/0VhgEqMTNZwYL1ARDLLNCX"
"lost boy","Ruth B.",0,"2015-08-21","R&b",0.654901960784314,0.000429230604142079,0.636363636363636,0.339721329046088,1,0.0358000961076406,1,0.073204273775521,0.331258050665522,0.430929942727515,275280,"https://open.spotify.com/track/4h0zU3O9R5xzuTmNO7dNDU"
"you are the reason","Calum Scott",0.318181818181818,"2018-03-09","R&b",0.159477124183007,0.191973387702543,0.909090909090909,0.656934619506967,1,0.00756847669389716,0.951294004312657,0.124087591240876,0.191713181623014,0.761668043633512,204326,"https://open.spotify.com/track/69vToJ9BMbbLlFZo7k7A7B"
"fire on fire - from ""watership down""","Sam Smith",0.227272727272728,"2018-12-21","R&b",0.490196078431373,0.376542547483636,0.0909090909090909,0.671682743837085,0,0.0269101393560788,0.493250385295515,0.169575796043584,0.323744096178617,0.368826404156106,246735,"https://open.spotify.com/track/5rFj8OzffT0iggSjcBaeND"
"let me down slowly","Alec Benjamin",0.454545454545455,"2018-11-16","R&b",0.579084967320262,0.537504024036914,0.0909090909090909,0.742079314040729,0,0.009851033157136,0.766832999369102,0.110335343277266,0.476170030055818,0.613522747959055,169354,"https://open.spotify.com/track/2qxmye6gAegTMjLKEBoR3d"
"if we have each other","Alec Benjamin",0,"2018-11-16","R&b",0.584313725490196,0.558965554244018,0.909090909090909,0.748424437299035,0,0.0679961556943777,0.723308492584668,0.292288162488099,0.881923572348647,0.774704885665075,181522,"https://open.spotify.com/track/7pT6WSg4PCt4mr5ZFyUfsF"
"falling like the stars","James Arthur",0.136363636363636,"2019-05-10","R&b",0.113725490196078,0.316450262903745,0.545454545454545,0.578135048231511,1,0.0138154733301297,0.852845715157389,0.0955252300856871,0.161657363675397,0.806225757215073,212720,"https://open.spotify.com/track/15xWRPHQMeqgdkGzInx3PY"
"my strange addiction","Billie Eilish",0.272727272727273,"2019-03-29","R&b",0.954248366013072,0.267088743427406,0.727272727272727,0.517513397642015,0,0.396924555502162,0.362676864942212,0.0902359039458373,0.562043795620438,0.263138364163388,179889,"https://open.spotify.com/track/3Tc57t9l2O8FwQZtQOvPXK"
"ilomilo","Billie Eilish",0.227272727272728,"2019-03-29","R&b",0.844444444444445,0.393711771649319,0.454545454545455,0.342079314040729,0,0.0419269581931764,0.750252234879794,0.0739447794351,0.571704594246458,0.403105877081204,156371,"https://open.spotify.com/track/7qEKqBCD2vE5vIBsrUitpD"
"listen before i go","Billie Eilish",0.227272727272728,"2019-03-29","R&b",0.143790849673203,0,0,0,1,0.025708793849111,0.968911066582547,0.389611763461335,0.0457277801631602,0.121252433030401,242652,"https://open.spotify.com/track/0tMSssfxAL2oV8Vri0mFHE"
"bored","Billie Eilish",0,"2017-03-30","R&b",0.529411764705882,0.281038738062024,0.636363636363636,0.442786709539121,1,0.0290725612686209,0.928495453139858,0.0632603406326034,0.0779304422498927,0.402678783974907,180933,"https://open.spotify.com/track/04sN26COy28wTXYj3dMoiZ"
"nights","Frank Ocean",0.0909090909090908,"2016-08-20","R&b",0.335947712418301,0.527846335443717,0.454545454545455,0.585680600214362,0,0.113407015857761,0.435217709582936,0.098698825769597,0.411764705882353,0.191624774200776,307151,"https://open.spotify.com/track/7eqoqGkKwgOaWNNHx90uEZ"
"café","Vitão",0,"2019-03-08","R&b",0.741176470588235,0.476338662946668,1,0.781779206859593,1,0.0892599711677078,0.0556218325558336,0.343065693430657,0.48475740661228,0.207112150448798,190435,"https://open.spotify.com/track/6i9ToXS6CAfjpp8veBklg1"
"you were good to me","Jeremy Zucker",0.272727272727273,"2019-05-03","R&b",0.460130718954248,0.0307972958471939,0.181818181818182,0.339721329046088,1,0.0201826045170591,0.946112515409748,0.097640960541627,0.178832116788321,0.27783456793581,219147,"https://open.spotify.com/track/4CxFN5zON70B3VOPBYbd6P"
"all i want - from ""high school musical: the musical: the series""","Olivia Rodrigo",0.318181818181818,"2019-11-27","R&b",0.218300653594771,0.401223307221805,0,0.704737406216506,0,0.0110523786641038,0.0934467015470682,0.0756373637998519,0.0961786174323744,0.106094128520017,177323,"https://open.spotify.com/track/4Yxc55NX3tAXC2mHRAhtcW"
"vulnerable","Selena Gomez",0.181818181818182,"2020-01-10","R&b",0.635294117647059,0.554673248202597,0.909090909090909,0.60625937834941,1,0.172272945699183,0.136763948775386,0.144187030572305,0.36560755689137,0.263152367216053,192172,"https://open.spotify.com/track/11OwAR3GlBj9E35Cznf7Lj"
"love songs - bonus","Kaash Paige",0.181818181818182,"2019-11-15","R&b",0.564705882352941,0.320742568945166,0.454545454545455,0.532647374062165,1,0.0804901489668429,0.861136097402043,0.0955252300856871,0.443967367969085,0.403189895397197,148640,"https://open.spotify.com/track/6qL5UWxRSQYml9O99ozoLv"
"put a little love on me","Niall Horan",0.181818181818182,"2019-12-06","R&b",0.490196078431373,0.438780985084237,0.909090909090909,0.777834941050375,1,0.00312349831811629,0.702582536973032,0.0912937691738073,0.278660369257192,0.234712167252461,224586,"https://open.spotify.com/track/1hCTxutVVYvggAQcUUUZAT"
"in my room","Frank Ocean",0.136363636363636,"2019-11-02","R&b",0.852287581699346,0.634080909968881,0.636363636363636,0.668724544480171,1,0.0527390677558866,0.615533523404164,0.0997566909975669,0.676899957063117,0.669282903673001,133680,"https://open.spotify.com/track/4S4Mfvv03M1cHgIOJcbUCL"
"borderline","Tame Impala",0,"2019-04-12","R&b",0.508496732026144,0.701684730121258,0,0.693847802786709,0,0.00432484382508409,0.0493004160942849,0.0849465778059875,0.737011592958351,0.248764230602271,274294,"https://open.spotify.com/track/3O8X1DE9btbzy4UH9cSX9a"
"formation","Beyoncé",0.0454545454545454,"2016-04-23","R&b",0.898039215686275,0.606180920699646,0.454545454545455,0.693076098606645,0,0.256367131186929,0.00548574593128765,0.186501639691103,0.835766423357664,0.416730847324717,206080,"https://open.spotify.com/track/6g0Orsxv6glTJCt4cHsRsQ"
"act up","City Girls",0.0909090909090908,"2018-11-16","R&b",0.952941176470588,0.624423221375684,0.727272727272727,0.784994640943194,1,0.198702546852475,0.0172788146743082,0.0965830953136571,0.293688278231,0.242455855376472,158332,"https://open.spotify.com/track/3A2yGHWIzmGEIolwonU69h"
"mother's daughter","Miley Cyrus",0.0454545454545454,"2019-05-31","R&b",0.616993464052288,0.868011589226312,0.0909090909090909,0.809903536977492,0,0.0430081691494474,0.00478106344049205,0.136781973976515,0.524474023185917,0.20004060885273,219080,"https://open.spotify.com/track/2WyRfGeHo97VC5mP1BBSzr"
"stupid","Tate McRae",0.0909090909090908,"2019-12-06","R&b",0.606535947712418,0.561111707264728,0,0.728574490889603,0,0.0187409899086977,0.0716844481548511,0.175922987411404,0.238943752683555,0.234992228305771,172916,"https://open.spotify.com/track/4k3uABcX9iaGlt5pRJhumi"
"future nostalgia","Dua Lipa",0.0454545454545454,"2019-12-13","R&b",0.870588235294118,0.812211610687842,0.636363636363636,0.794040728831725,1,0.0410860163382989,0.00637696202258798,0.318734793187348,0.879776728209532,0.36791620573285,184882,"https://open.spotify.com/track/5Vzpmk27VQ9M77SCkSkERq"
"yosemite","Travis Scott",0.181818181818182,"2018-08-03","R&b",0.752941176470588,0.534284794505848,0,0.705337620578778,1,0.020783277270543,0.293244913643233,0.101872421453507,0.112279948475741,0.459307128954112,150043,"https://open.spotify.com/track/7lAK3oHbfEnvUQWosrMMpR"
"bodak yellow","Cardi B",0,"2018-04-06","R&b",0.937254901960785,0.694173194548771,1,0.715369774919614,0,0.0953868332532436,0.0682646654789312,0.223526922670052,0.478316874194933,0.438127511797572,223713,"https://open.spotify.com/track/6KBYefIoo7KydImq1uUQlL"
"lean wit me","Juice WRLD",0.318181818181818,"2018-12-10","R&b",0.596078431372549,0.638373216010302,0.0909090909090909,0.750610932475884,1,0.159058145122537,0.0428753698546779,0.0739447794351,0.212108200944611,0.710577905983504,175755,"https://open.spotify.com/track/3oDkdAySo1VQQG0ptV7uwa"
"finesse - remix; feat. cardi b","Bruno Mars",0.0454545454545454,"2017-12-20","R&b",0.647058823529412,0.861573130164181,0.454545454545455,0.777963558413719,0,0.0913022585295531,0.0191441506793554,0.00190415741034592,0.951696006869901,0.298748127091706,217289,"https://open.spotify.com/track/3Vo4wInECJQuz9BIBMOu8i"
"plain jane","A$AP Ferg",0.0454545454545454,"2017-08-18","R&b",0.768627450980392,0.845476982508853,1,0.752025723472669,1,0.302018260451706,0.0674356272544658,0.0711943298423781,0.515886646629455,0.754036379930825,173600,"https://open.spotify.com/track/4dVpf9jZjcORqGTLUaeYj9"
"drowning (feat. kodak black)","A Boogie Wit da Hoodie",0.0909090909090908,"2017-09-29","R&b",0.823529411764706,0.808992381156777,0.454545454545455,0.760943193997856,0,0.0398846708313311,0.519157829810059,0.102930286681477,0.831472735079433,0.466077604917872,209269,"https://open.spotify.com/track/1f5cbQtDrykjarZVrShaDI"
"cool","Jonas Brothers",0,"2019-06-07","R&b",0.619607843137255,0.581500160961477,0,0.751811361200429,1,0.0224651609802979,0.00901952136307149,0.144187030572305,0.62322885358523,0.115686219595872,167107,"https://open.spotify.com/track/7yfi8B8opXjnRh4VZnOkz9"
"those kinda nights (feat. ed sheeran)","Eminem",0,"2020-01-17","R&b",0.764705882352941,0.623350144865329,0.363636363636364,0.717384780278671,0,0.378904372897645,0.0289889795948822,0.0763778694594309,0.37956204379562,0.290017223754779,177693,"https://open.spotify.com/track/0VSzREd1OjEWJ9tXoFHRQH"
"come thru (with usher)","Summer Walker",0.181818181818182,"2019-10-04","R&b",0.61437908496732,0.721000107307651,0.454545454545455,0.85449088960343,0,0.156655454108602,0.164743988851094,0.0923516344017772,0.45148132245599,0.627021690728579,181013,"https://open.spotify.com/track/3TTMUI5dFcbeNSDTTDY9M8"
"i forgot that you existed","Taylor Swift",0.136363636363636,"2019-08-23","R&b",0.594771241830065,0.278892585041313,0.454545454545455,0.543536977491961,1,0.59514656415185,0.30878938035196,0.0650587115201523,0.538428510090167,0.213049444778962,170640,"https://open.spotify.com/track/43rA71bccXFGD4C8GOpIlN"
"ti volevo dedicare (feat. j-ax & boomdabash)","Rocco Hunt",0.0909090909090908,"2019-08-30","R&b",0.712418300653595,0.717780877776586,0.727272727272727,0.727331189710611,1,0.0510571840461317,0.010750138656643,0.182270178779224,0.248604551309575,0.402979849607214,208133,"https://open.spotify.com/track/00GxbkrW4m1Tac5xySEJ4M"
"tutto questo sei tu","Ultimo",0,"2019-12-13","R&b",0.315032679738562,0.491361734091641,0.181818181818182,0.748210075026795,1,0.00492551657856799,0.460088856316898,0.097640960541627,0.409617861743237,0.696840911318668,245053,"https://open.spotify.com/track/2JbPEAf12Ju2CxSIoZC89d"
"perfect duet (ed sheeran & beyoncé)","Ed Sheeran",0.0454545454545454,"2017-11-30","R&b",0.494117647058823,0.260650284365275,0.727272727272727,0.671296891747052,1,0.00324363286881307,0.807248612811791,0.109277478049297,0.339845427221984,0.227871676025374,259550,"https://open.spotify.com/track/1bhUWB0zJMIKr9yVPrkEuI"
"too good at goodbyes","Sam Smith",0,"2017-11-03","R&b",0.616993464052288,0.338984869621204,0.454545454545455,0.633912111468381,1,0.023546371936569,0.663203221310925,0.157939278535915,0.468656075568914,0.206033915393556,201000,"https://open.spotify.com/track/3VlbOrM6nYPprVvzBZllE5"
"lay me down","Sam Smith",0,"2015-11-06","R&b",0.338562091503268,0.14368494473656,0.363636363636364,0.509539121114684,1,0.0164584334454589,0.952330302093239,0.0923516344017772,0.307642765135251,0.440206965118396,219536,"https://open.spotify.com/track/64GRDrL1efgXclrhVCeuA0"
"love yourself","Justin Bieber",0.318181818181818,"2015-11-13","R&b",0.522875816993464,0.345423328683335,0.363636363636364,0.565702036441586,1,0.497837578087458,0.86528128852437,0.27536231884058,0.510519536281666,0.265861957906824,233720,"https://open.spotify.com/track/50kpGaPAhYJ3sGmk6vplg0"
"wet dreamz","J. Cole",0.0909090909090908,"2014-12-09","R&b",0.38562091503268,0.696319347569482,0.545454545454545,0.635284030010718,0,0.40893801057184,0.0779022348383417,0.114566804189146,0.584585659081151,0.791431532073992,239320,"https://open.spotify.com/track/6Ius4TC0L3cN74HT7ENE6e"
"mind is a prison","Alec Benjamin",0.272727272727273,"2019-12-12","R&b",0.558169934640523,0.649103981113854,0.454545454545455,0.763386923901393,0,0.03171552138395,0.546101572105185,0.169575796043584,0.702662086732503,0.621049388766751,162034,"https://open.spotify.com/track/4GGSmoTmc5LClrowB4SmEw"
"wait a minute!","WILLOW",0.0909090909090908,"2015-01-11","R&b",0.725490196078431,0.696319347569482,0.272727272727273,0.760728831725616,0,0.00504565112926477,0.0384192893981763,0.0789167460065588,0.679046801202233,0.269957850811477,196520,"https://open.spotify.com/track/0y60itmpH0aPKsFiGxmtnh"
"all i want for christmas is you","Mariah Carey",0.636363636363636,"1994-11-01","R&b",0.164705882352941,0.610473226741067,0.636363636363636,0.667138263665595,1,0.0180201826045171,0.169925477754003,0.0540569131492648,0.329111206526406,0.614951059330934,241107,"https://open.spotify.com/track/0bYg9bo50gSsH3LtXe2SQn"
"run rudolph run - single version","Chuck Berry",0.136363636363636,"1986-01-01","R&b",0.616993464052288,0.707050112673034,0.636363636363636,0.532218649517685,0,0.0812109562710235,0.841446439570989,0.0613561832222575,0.984972091026191,0.627938890678168,165733,"https://open.spotify.com/track/2pnPe4pJtq7689i5ydzvJJ"
"ladders","Mac Miller",0,"2018-08-03","R&b",0.775163398692811,0.436634832063526,0.727272727272727,0.627824222936763,1,0.166266218164344,0.24453891795589,0.0902359039458373,0.27007299270073,0.290668365703723,287040,"https://open.spotify.com/track/39NDBdU5Xkm5pCFGa5kZtI"
"piece of your heart - alok remix","MEDUZA",0.0454545454545454,"2019-06-07","Edm",0.768627450980392,0.862646206674536,0.909090909090909,0.799271168274384,0,0.0212638154733301,0.0323051324927438,0.332487041150957,0.163804207814513,0.431203002254491,166452,"https://open.spotify.com/track/6iW38RGqdDGOofmz2HeXLW"
"god is a dancer (with mabel)","Tiësto",0.272727272727273,"2019-09-20","Edm",0.738562091503268,0.7413885610044,0.0909090909090909,0.819506966773848,0,0.0701585776069198,0.0249474182506133,0.340949962974717,0.85186775440103,0.40271379160657,168125,"https://open.spotify.com/track/6fenHIxXuuzKB55wY4WCHP"
"tudo ok","Thiaguinho MT",0,"2019-11-15","Edm",0.790849673202614,0.749973173087241,1,0.722786709539121,0,0.084814992791927,0.247647811297635,0.302866814767799,0.991412623443538,0.122729755086609,178500,"https://open.spotify.com/track/4HUZBG98TYbxSR9V1V2DWS"
"amor de que","Pabllo Vittar",0.0909090909090908,"2019-10-31","Edm",0.690196078431373,0.818650069749973,1,0.770289389067524,0,0.0252282556463239,0.0752078606088291,0.359991537078176,0.928080721339631,0.542912354893367,157929,"https://open.spotify.com/track/29caulxU0jxucdVIyhSJTc"
"surtada - remix brega funk","Dadá Boladão",0.363636363636364,"2019-09-25","Edm",0.81437908496732,0.529992488464428,0.454545454545455,0.68583065380493,0,0.0421672272945699,0.258010789103453,0.171691526499524,0.903392013739802,0.641465839553023,152784,"https://open.spotify.com/track/5F8ffc8KWKNawllr5WsW0r"
"a gente fez amor - ao vivo","Gusttavo Lima",0.363636363636364,"2019-12-05","Edm",0.763398692810458,0.945273097971886,0.727272727272727,0.882443729903537,0,0.012013455069678,0.37925762943152,0.99682640431609,0.845427221983684,0.501071233528909,237517,"https://open.spotify.com/track/3tv697PZNnaQN0Mn2zGhS5"
"relógio parado (ao vivo)","Diego & Arnaldo",0.0909090909090908,"2019-10-11","Edm",0.695424836601307,0.951711557034017,0.0909090909090909,0.926988210075027,1,0.0264296011532917,0.0503367138748666,1,0.735938170888793,0.437861453796928,180736,"https://open.spotify.com/track/5n8Y78Pl5q8lqS7sJP61qw"
"invocada (participação especial de léo santana) - ao vivo","Ludmilla",0.181818181818182,"2019-05-31","Edm",0.741176470588235,0.866938512715957,0.0909090909090909,0.803515541264737,1,0.0337578087457953,0.495322980856678,0.965090447476992,0.710176041219407,0.507932729334995,157494,"https://open.spotify.com/track/4k20Ie47EcWtS4wMBn8w8S"
"vidrado em você","Dj Guuga",0.0909090909090908,"2019-06-11","Edm",0.828758169934641,0.932396179847623,0.181818181818182,1,1,0.0914223930802499,0.144018033239459,0.0944673648577171,0.591026191498497,0.682508786915548,134769,"https://open.spotify.com/track/2kOmW169C7UV4SZDN9u0YO"
"quem traiu levou - ao vivo","Gusttavo Lima",0.0454545454545454,"2019-09-12","Edm",0.488888888888889,0.967807704689344,1,0.884372990353698,1,0.0736424795771264,0.336769420427668,0.319792658415318,0.844353799914126,0.780607172363575,154183,"https://open.spotify.com/track/1owErGXMkNVCgCmCjI1vRL"
"para, pensa e volta - ao vivo","Yasmin Santos",0.0909090909090908,"2019-06-28","Edm",0.525490196078432,0.788603927460028,0.181818181818182,0.854362272240086,1,0.0240269101393561,0.253865597981126,0.229874114037872,0.571704594246458,0.346449525996667,174179,"https://open.spotify.com/track/2KyXyTrp3kp1Fsg7B1osYD"
"a culpa é do meu grau (feat. zé neto & cristiano) - ao vivo em brasília","Diego & Victor Hugo",0.0909090909090908,"2019-03-22","Edm",0.435294117647059,0.879815430840219,0.545454545454545,0.842229367631297,1,0.0884190293128304,0.750252234879794,0.957685390881202,0.638256762559038,0.394402979849607,182735,"https://open.spotify.com/track/4gDvg62vG96w0qJaF6wzcd"
"3 batidas - ao vivo","Guilherme & Benuto",0.272727272727273,"2019-08-16","Edm",0.448366013071896,0.700611653610902,0.727272727272727,0.754040728831726,1,0.126621816434407,0.633150585674054,0.786311223950069,0.524474023185917,0.386036155881982,157186,"https://open.spotify.com/track/1uryupl9hqVZYurJwH4G9k"
"into you","Ariana Grande",0.136363636363636,"2016-05-20","Edm",0.541176470588235,0.727438566369782,0.818181818181818,0.731961414790997,1,0.100192215281115,0.0167606657840173,0.132550513064636,0.357020180334908,0.31791830619075,244453,"https://open.spotify.com/track/2meEiZKWkiN28gITzFwQo5"
"way back home (feat. conor maynard) - sam feldt edit","SHAUN",0.0454545454545454,"2018-12-21","Edm",0.690196078431373,0.7413885610044,0.909090909090909,0.780493033226152,1,0.0104517059106199,0.278736744715089,0.210832539934412,0.437526835551739,0.304545390895215,192453,"https://open.spotify.com/track/1ZLrDPgR7mvuTco3rQK8Pk"
"lily","Alan Walker",0.0909090909090908,"2018-12-14","Edm",0.279738562091503,0.620130915334263,0.545454545454545,0.735091103965702,0,0.0410860163382989,0.203087006732619,0.179096583095314,0.458995276942894,0.619859129290185,195840,"https://open.spotify.com/track/0lks2Kt9veMOFEAPN0fsqN"
